Nome da empresa,Problemas_Empresa,Tipo_Nome_Empresa,Empresa_Padronizada,Qualidade_Padronizada
Nordcurrent,['OK'],Nome padr√£o,Nordcurrent,OK
eClear | TaxFinTech,['Caracteres especiais'],Nome padr√£o,Eclear Taxfintech,OK
Empathy.co,['OK'],Nome padr√£o,EmpathyCo,OK
TRAFI,['Tudo mai√∫sculo'],Cont√©m siglas,Trafi,OK
Trafi,['OK'],Nome padr√£o,Trafi,OK
GovData Ltd,['OK'],Com sufixo corporativo,GovData,OK
Materna Virtual Solution GmbH,['OK'],Com sufixo corporativo,Materna Virtual Solution,OK
Parser,['OK'],Nome padr√£o,Parser Digital,OK
Art2Trading,['Cont√©m n√∫meros'],Nome padr√£o,Art2Trading,Cont√©m n√∫meros
Art2Trading,['Cont√©m n√∫meros'],Nome padr√£o,Art2Trading,Cont√©m n√∫meros
Hove,['OK'],Muito curto,Hove,OK
Lindera,['OK'],Nome padr√£o,Lindera,OK
Thinkproject,['OK'],Nome padr√£o,Thinkproject,OK
LINKFARMA COSMO SL,['Tudo mai√∫sculo'],Com sufixo corporativo,LINKFARMA COSMO,Tudo mai√∫sculo
Selency,['OK'],Nome padr√£o,Selency,OK
Strix PL,['OK'],Cont√©m siglas,Strix,OK
Mytraffic,['OK'],Nome padr√£o,MyTraffic,OK
TheForceCode,['OK'],Nome padr√£o,TheForceCode,OK
Capgemini Invent,['OK'],Nome padr√£o,Capgemini,OK
Aquila Data Enabler,['OK'],Nome padr√£o,Aquila Data,OK
Aquila Data Enabler,['OK'],Nome padr√£o,Aquila Data,OK
Gaiha,['OK'],Nome padr√£o,Gaiha,OK
GoCardless,['OK'],Nome padr√£o,Gocardless,OK
Spendesk,['OK'],Nome padr√£o,Spendesk,OK
Spendesk,['OK'],Nome padr√£o,Spendesk,OK
ETIQMEDIA SOLUCIONES AUDIOVISUALES SL,['Tudo mai√∫sculo'],Com sufixo corporativo,ETIQMEDIA SOLUCIONES AUDIOVISUALES,Tudo mai√∫sculo
ETIQMEDIA SOLUCIONES AUDIOVISUALES SL,['Tudo mai√∫sculo'],Com sufixo corporativo,ETIQMEDIA SOLUCIONES AUDIOVISUALES,Tudo mai√∫sculo
TGLAB,['Tudo mai√∫sculo'],Cont√©m siglas,TGLAB,Tudo mai√∫sculo
TGLAB,['Tudo mai√∫sculo'],Cont√©m siglas,TGLAB,Tudo mai√∫sculo
Keystream,['OK'],Nome padr√£o,Keystream,OK
Between Technology,['OK'],Nome padr√£o,Between Technology,OK
PIKON Germany,['OK'],Cont√©m siglas,PIKON Germany,OK
PIKON Germany,['OK'],Cont√©m siglas,PIKON Germany,OK
PIKON,['Tudo mai√∫sculo'],Cont√©m siglas,PIKON,Tudo mai√∫sculo
Amazon Development Center Poland,['OK'],Nome padr√£o,Amazon Development Center Poland,OK
evosoft GmbH,['OK'],Com sufixo corporativo,Evosoft,OK
Evosoft,['OK'],Nome padr√£o,Evosoft,OK
Cegedim,['OK'],Nome padr√£o,Cegedim,OK
Consult Red,['OK'],Nome padr√£o,Consult Red,OK
Eku Energy,['OK'],Nome padr√£o,Eku Energy,OK
VAIVA,['Tudo mai√∫sculo'],Cont√©m siglas,VAIVA,Tudo mai√∫sculo
VAIVA,['Tudo mai√∫sculo'],Cont√©m siglas,VAIVA,Tudo mai√∫sculo
DATA C,['Tudo mai√∫sculo'],Cont√©m siglas,DATA C,Tudo mai√∫sculo
Data C,['OK'],Nome padr√£o,Data C,OK
Dalet Digital Media Systems,['OK'],Nome padr√£o,Dalet Digital Media Systems,OK
Dalet,['OK'],Nome padr√£o,Dalet,OK
Dalet,['OK'],Nome padr√£o,Dalet,OK
Price Waterhouse,['OK'],Nome padr√£o,Price Waterhouse,OK
Price Waterhouse,['OK'],Nome padr√£o,Price Waterhouse,OK
CleverCards,['OK'],Nome padr√£o,Clevercards,OK
KUMAVISION AG,['Tudo mai√∫sculo'],Com sufixo corporativo,KUMAVISION,Tudo mai√∫sculo
Bosonit,['OK'],Nome padr√£o,Bosonit,OK
RETMARKER S.A. (METEDA company),['OK'],Cont√©m siglas,RETMARKER SA METEDA Company,OK
BECG,['Tudo mai√∫sculo'],Muito curto,BECG,Tudo mai√∫sculo
BECG,['Tudo mai√∫sculo'],Muito curto,BECG,Tudo mai√∫sculo
BECG,['Tudo mai√∫sculo'],Muito curto,BECG,Tudo mai√∫sculo
BECG (Built Environment Communications Group),['OK'],Cont√©m siglas,BECG Built Environmentmmunications Group,OK
Liberty One,['OK'],Nome padr√£o,Liberty One,OK
Cavendish Advocacy,['OK'],Nome padr√£o,Cavendish Advocacy,OK
BECG (Built Environment Communications Group),['OK'],Cont√©m siglas,BECG Built Environmentmmunications Group,OK
Exasol,['OK'],Nome padr√£o,Exasol,OK
Exasol,['OK'],Nome padr√£o,Exasol,OK
WEKO,['Tudo mai√∫sculo'],Muito curto,WEKO,Tudo mai√∫sculo
PwC,['OK'],Muito curto,Pwc,OK
Viessmann Research & Development Center,['OK'],Nome padr√£o,Viessmann Research & Development Center,OK
infinit.cx,['Tudo min√∫sculo'],Nome padr√£o,InfinitCx,OK
KPC,['Tudo mai√∫sculo'],Muito curto,KPC,Tudo mai√∫sculo
EPG Ehrhardt Partner Group,['OK'],Cont√©m siglas,EPG Ehrhardt Partner Group,OK
4CAD Group,['Cont√©m n√∫meros'],Nome padr√£o,4CAD Group,Cont√©m n√∫meros
DiliTrust,['OK'],Nome padr√£o,Dilitrust,OK
Data Circle Leaders,['OK'],Nome padr√£o,Data Circle Leaders,OK
Data Circle Leaders,['OK'],Nome padr√£o,Data Circle Leaders,OK
WSCAD GmbH - Electrical CAD Solutions,['OK'],Com sufixo corporativo,WSCAD - Electrical CAD Solutions,OK
Orisha,['OK'],Nome padr√£o,Orisha,OK
3P - Public Procurement Partners Belgi√´ / Belgique,"['Cont√©m n√∫meros', 'Caracteres especiais']",Nome padr√£o,3P - Public Procurement Partners Belgi√´ Belgique,Cont√©m n√∫meros
Centogene AG,['OK'],Com sufixo corporativo,Centogene,OK
MGI,['Tudo mai√∫sculo'],Muito curto,MGI,Tudo mai√∫sculo
UGROUND GLOBAL,['Tudo mai√∫sculo'],Cont√©m siglas,UGROUND GLOBAL,Tudo mai√∫sculo
UGROUND GLOBAL,['Tudo mai√∫sculo'],Cont√©m siglas,UGROUND GLOBAL,Tudo mai√∫sculo
B2T Concept,['Cont√©m n√∫meros'],Nome padr√£o,B2Tncept,Cont√©m n√∫meros
B2T Concept,['Cont√©m n√∫meros'],Nome padr√£o,B2Tncept,Cont√©m n√∫meros
B2T Concept,['Cont√©m n√∫meros'],Nome padr√£o,B2Tncept,Cont√©m n√∫meros
mwbsc GmbH,['OK'],Com sufixo corporativo,Mwbsc,OK
mwbsc GmbH,['OK'],Com sufixo corporativo,Mwbsc,OK
ASAC Comunicaciones,['OK'],Com sufixo corporativo,Asacmunicaciones,OK
visunext,['Tudo min√∫sculo'],Nome padr√£o,Visunext,OK
visunext,['Tudo min√∫sculo'],Nome padr√£o,Visunext,OK
Flight Register,['OK'],Nome padr√£o,Flight Register,OK
Flight Register,['OK'],Nome padr√£o,Flight Register,OK
Accenture,['OK'],Nome padr√£o,Accenture,OK
Allianz Technology,['OK'],Nome padr√£o,Allianz Technology,OK
Allianz Technology,['OK'],Nome padr√£o,Allianz Technology,OK
"A*STAR - Agency for Science, Technology and Research",['Caracteres especiais'],Cont√©m siglas,ASTAR - Agency For Science Technology And Research,OK
Talan,['OK'],Nome padr√£o,Talan,OK
Talan,['OK'],Nome padr√£o,Talan,OK
Talan,['OK'],Nome padr√£o,Talan,OK
Between Technology,['OK'],Nome padr√£o,Between Technology,OK
Binect GmbH,['OK'],Com sufixo corporativo,Binect,OK
Amazon Development Center,['OK'],Nome padr√£o,Amazon Development Center,OK
Active Matter XR,['OK'],Cont√©m siglas,Active Matter Xr,OK
Born,['OK'],Muito curto,Born,OK
Amazon,['OK'],Nome padr√£o,Amazon,OK
Yoti,['OK'],Muito curto,Yoti,OK
Yoti,['OK'],Muito curto,Yoti,OK
Yoti,['OK'],Muito curto,Yoti,OK
Yoti Ltd,['OK'],Com sufixo corporativo,Yoti,OK
ypsilon.net ag,['Tudo min√∫sculo'],Nome padr√£o,YpsilonNet Ag,OK
ypsilon.net ag,['Tudo min√∫sculo'],Nome padr√£o,YpsilonNet Ag,OK
Blowww 4 Analytics,['Cont√©m n√∫meros'],Nome padr√£o,Blowww 4 Analytics,Cont√©m n√∫meros
vente-privee devient Veepee,['OK'],Nome padr√£o,Vente-Privee Devient Veepee,OK
vente-privee,['Tudo min√∫sculo'],Nome padr√£o,Vente-Privee,OK
ClinInfo,['OK'],Nome padr√£o,Clininfo,OK
Magn√©tis üìûüìà,['Caracteres especiais'],Nome padr√£o,Magn√©tis,OK
Personio,['OK'],Nome padr√£o,Personio,OK
Viessmann Research & Development Center,['OK'],Nome padr√£o,Viessmann Research & Development Center,OK
encoway GmbH,['OK'],Com sufixo corporativo,Encoway,OK
encoway GmbH,['OK'],Com sufixo corporativo,Encoway,OK
DAVASO ‚Äì an IQVIA business,['Caracteres especiais'],Cont√©m siglas,DAVASO An IQVIA Business,OK
DAVASO ‚Äì an IQVIA business,['Caracteres especiais'],Cont√©m siglas,DAVASO An IQVIA Business,OK
Simoco,['OK'],Nome padr√£o,Simoco,OK
IT-HAUS GmbH,['OK'],Com sufixo corporativo,IT-HAUS,Tudo mai√∫sculo
Thinkproject,['OK'],Nome padr√£o,Thinkproject,OK
Scilife,['OK'],Nome padr√£o,Scilife,OK
Scilife,['OK'],Nome padr√£o,Scilife,OK
Analitza,['OK'],Nome padr√£o,Analitza,OK
SDX AG,['Tudo mai√∫sculo'],Com sufixo corporativo,SDX,Tudo mai√∫sculo
ITEA HIGH TECHNOLOGY,['Tudo mai√∫sculo'],Cont√©m siglas,ITEA HIGH TECHNOLOGY,Tudo mai√∫sculo
AUTOMATISMOS ITEA SL,['Tudo mai√∫sculo'],Com sufixo corporativo,AUTOMATISMOS ITEA,Tudo mai√∫sculo
Code Red.,['OK'],Nome padr√£o,Code Red,OK
UNCAPPED,['Tudo mai√∫sculo'],Cont√©m siglas,UNCAPPED,Tudo mai√∫sculo
E-bx Consulting LLP,['OK'],Cont√©m siglas,E-Bxnsulting LLP,OK
Sdui,['OK'],Muito curto,Sdui,OK
MEETYOO,['Tudo mai√∫sculo'],Cont√©m siglas,MEETYOO,Tudo mai√∫sculo
QualityMinds GmbH,['OK'],Com sufixo corporativo,Qualityminds,OK
Tim Leib Consulting,['OK'],Nome padr√£o,Tim Leibnsulting,OK
Koenig & Bauer,['OK'],Nome padr√£o,Koenig & Bauer,OK
Verestro,['OK'],Nome padr√£o,Verestro,OK
uPaid Payment Solutions,['OK'],Nome padr√£o,Upaid Payment Solutions,OK
Playtech,['OK'],Nome padr√£o,Playtech,OK
Fiducia & GAD IT AG,['OK'],Com sufixo corporativo,Fiducia & GAD It,OK
GAD,['Tudo mai√∫sculo'],Muito curto,GAD,Tudo mai√∫sculo
Atruvia AG,['OK'],Com sufixo corporativo,Atruvia,OK
Fiducia & GAD IT AG,['OK'],Com sufixo corporativo,Fiducia & GAD It,OK
Fiducia & GAD IT AG,['OK'],Com sufixo corporativo,Fiducia & GAD It,OK
Synthesia,['OK'],Nome padr√£o,Synthesia,OK
IRIS (Canon Group),['OK'],Cont√©m siglas,IRIS Canon Group,OK
Abertis Mobility Services,['OK'],Nome padr√£o,Abertis Mobility Services,OK
IBAT,['Tudo mai√∫sculo'],Muito curto,IBAT,Tudo mai√∫sculo
WizzInvest,['OK'],Nome padr√£o,Wizzinvest,OK
Indra,['OK'],Nome padr√£o,Indra,OK
UNIR Universidad Internacional de la Rioja,['OK'],Cont√©m siglas,UNIR Universidad Internacional De La Rioja,OK
Sesame HR,['OK'],Cont√©m siglas,Sesame Hr,OK
SAP LeanIX,['OK'],Com sufixo corporativo,SAP Leanix,OK
Rapid Data GmbH,['OK'],Com sufixo corporativo,Rapid Data,OK
Casimba Gaming,['OK'],Nome padr√£o,Casimba Gaming,OK
Casimba Gaming,['OK'],Nome padr√£o,Casimba Gaming,OK
Ricoh Espa√±a,['OK'],Nome padr√£o,Ricoh Espa√±a,OK
Ricoh Espa√±a,['OK'],Nome padr√£o,Ricoh Espa√±a,OK
Ricoh Espa√±a,['OK'],Nome padr√£o,Ricoh Espa√±a,OK
BMS,['Tudo mai√∫sculo'],Muito curto,BMS,Tudo mai√∫sculo
Wise,['OK'],Muito curto,Wise,OK
NOVENCIA Group,['OK'],Cont√©m siglas,NOVENCIA Group,OK
Sequantis,['OK'],Nome padr√£o,Sequantis,OK
WOOGMA,['Tudo mai√∫sculo'],Cont√©m siglas,WOOGMA,Tudo mai√∫sculo
xFIVE,['OK'],Nome padr√£o,Xfive,OK
BasisTeam IT Service & Consulting GmbH,['OK'],Com sufixo corporativo,Basisteam It Service &Nsulting,OK
BasisTeam IT Service & Consulting GmbH,['OK'],Com sufixo corporativo,Basisteam It Service &Nsulting,OK
BasisTeam IT Service & Consulting AG,['OK'],Com sufixo corporativo,Basisteam It Service &Nsulting,OK
ONELAN,['Tudo mai√∫sculo'],Cont√©m siglas,ONELAN,Tudo mai√∫sculo
Steadforce,['OK'],Nome padr√£o,Steadforce,OK
Steadforce,['OK'],Nome padr√£o,Steadforce,OK
Team for the Planet,['OK'],Nome padr√£o,Team For The Planet,OK
Team for the Planet,['OK'],Nome padr√£o,Team For The Planet,OK
SellerX,['OK'],Nome padr√£o,Sellerx,OK
MID GmbH,['OK'],Com sufixo corporativo,MID,Tudo mai√∫sculo
MID GmbH,['OK'],Com sufixo corporativo,MID,Tudo mai√∫sculo
STERE,['Tudo mai√∫sculo'],Cont√©m siglas,STERE,Tudo mai√∫sculo
Enamaye,['OK'],Nome padr√£o,Enamaye,OK
Ceffu,['OK'],Nome padr√£o,Ceffu,OK
L'Or√©al,['Caracteres especiais'],Nome padr√£o,LOr√©al,OK
PwC,['OK'],Muito curto,Pwc,OK
Walnut,['OK'],Nome padr√£o,Walnut,OK
ENGIE IT,['Tudo mai√∫sculo'],Cont√©m siglas,ENGIE It,OK
CRAG,['Tudo mai√∫sculo'],Com sufixo corporativo,Cr (abreviado),OK
IT&M STATS,['Tudo mai√∫sculo'],Cont√©m siglas,IT&M STATS,Tudo mai√∫sculo
Kinewell Energy,['OK'],Nome padr√£o,Kinewell Energy,OK
SAAScade,['OK'],Com sufixo corporativo,Saascade,OK
Infobip,['OK'],Nome padr√£o,Infobip,OK
NEW WORK SE,['Tudo mai√∫sculo'],Cont√©m siglas,NEW WORK Se,OK
Quandoo,['OK'],Nome padr√£o,Quandoo,OK
QBiz-IT GmbH,['OK'],Com sufixo corporativo,Qbiz-It,OK
QBiz-IT GmbH,['OK'],Com sufixo corporativo,Qbiz-It,OK
Auto & General,['OK'],Nome padr√£o,Auto & General,OK
SIEVERS-GROUP,['Tudo mai√∫sculo'],Cont√©m siglas,SIEVERS-GROUP,Tudo mai√∫sculo
EQS Group,['OK'],Cont√©m siglas,EQS Group,OK
EQS Group AG,['OK'],Com sufixo corporativo,EQS Group,OK
Univio,['OK'],Nome padr√£o,Univio,OK
Univio,['OK'],Nome padr√£o,Univio,OK
GMS Global Media Services GmbH,['OK'],Com sufixo corporativo,GMS Global Media Services,OK
GMS Global Media Services GmbH,['OK'],Com sufixo corporativo,GMS Global Media Services,OK
COMECO,['Tudo mai√∫sculo'],Cont√©m siglas,COMECO,Tudo mai√∫sculo
COMECO,['Tudo mai√∫sculo'],Cont√©m siglas,COMECO,Tudo mai√∫sculo
eir evo,['Tudo min√∫sculo'],Nome padr√£o,Eir Evo,OK
Aviation,['OK'],Nome padr√£o,Aviation,OK
UAB InfoEra,['OK'],Cont√©m siglas,UAB Infoera,OK
"InfoEra, UAB",['OK'],Cont√©m siglas,Infoera UAB,OK
Compart,['OK'],Nome padr√£o,Compart,OK
VANTAiO GmbH & Co. KG,['OK'],Com sufixo corporativo,Vantaio & Kg,OK
VANTAiO GmbH & Co. KG,['OK'],Com sufixo corporativo,Vantaio & Kg,OK
ParkU ‚Äì The Parking App,['Caracteres especiais'],Nome padr√£o,Parku The Parking App,OK
parku - The Parking App,['OK'],Nome padr√£o,Parku - The Parking App,OK
ParkU ‚Äì The Parking App,['Caracteres especiais'],Nome padr√£o,Parku The Parking App,OK
dubidoc - Intelligenter Helfer f√ºr Arztpraxen,['OK'],Nome padr√£o,Dubidoc - Intelligenter Helfer F√ºr Arztpraxen,OK
dubidoc - Intelligenter Helfer f√ºr Arztpraxen,['OK'],Nome padr√£o,Dubidoc - Intelligenter Helfer F√ºr Arztpraxen,OK
dubidoc - eine Marke der Takuta GmbH,['OK'],Com sufixo corporativo,Dubidoc - Eine Marke Der Takuta,OK
PwC,['OK'],Muito curto,Pwc,OK
enmore consulting AG,['OK'],Com sufixo corporativo,Enmore Consulting,OK
enmore consulting ag,['Tudo min√∫sculo'],Nome padr√£o,Enmore Consulting Ag,OK
RIO | The Logistics Flow,['Caracteres especiais'],Cont√©m siglas,RIO The Logistics Flow,OK
ETIQMEDIA SOLUCIONES AUDIOVISUALES SL,['Tudo mai√∫sculo'],Com sufixo corporativo,ETIQMEDIA SOLUCIONES AUDIOVISUALES,Tudo mai√∫sculo
ETIQMEDIA SOLUCIONES AUDIOVISUALES SL,['Tudo mai√∫sculo'],Com sufixo corporativo,ETIQMEDIA SOLUCIONES AUDIOVISUALES,Tudo mai√∫sculo
Scalo,['OK'],Nome padr√£o,Scalo,OK
Scalo,['OK'],Nome padr√£o,Scalo,OK
Glogix engineers GmbH,['OK'],Com sufixo corporativo,Glogix Engineers,OK
TwelfthMan,['OK'],Nome padr√£o,Twelfthman,OK
Allianz Technology,['OK'],Nome padr√£o,Allianz Technology,OK
Allianz Technology,['OK'],Nome padr√£o,Allianz Technology,OK
Bolt,['OK'],Muito curto,Bolt,OK
PwC,['OK'],Muito curto,Pwc,OK
ABOUT YOU,['Tudo mai√∫sculo'],Cont√©m siglas,ABOUT YOU,Tudo mai√∫sculo
Simple Decisions,['OK'],Nome padr√£o,Simple Decisions,OK
FluidityApp,['OK'],Nome padr√£o,Fluidityapp,OK
,['Vazio'],Vazio,N√£o Informado,Inv√°lido
logicline - Implementing Your Digital Business,['OK'],Nome padr√£o,Logicline - Implementing Your Digital Business,OK
logicline - Implementing Your Digital Business,['OK'],Nome padr√£o,Logicline - Implementing Your Digital Business,OK
logicline - Implementing Your Digital Business,['OK'],Nome padr√£o,Logicline - Implementing Your Digital Business,OK
logicline,['Tudo min√∫sculo'],Nome padr√£o,Logicline,OK
logicline - Implementing Your Digital Business,['OK'],Nome padr√£o,Logicline - Implementing Your Digital Business,OK
TDM Systems GmbH,['OK'],Com sufixo corporativo,TDM Systems,OK
Deutsche Gesellschaft f√ºr Cybersicherheit mbH & Co. KG,['OK'],Cont√©m siglas,Deutsche Gesellschaft F√ºr Cybersicherheit Mbh & Kg,OK
Movinga,['OK'],Nome padr√£o,Movinga,OK
Movinga,['OK'],Nome padr√£o,Movinga,OK
Ariba,['OK'],Nome padr√£o,Ariba,OK
D-AIM,['Tudo mai√∫sculo'],Cont√©m siglas,D-AIM,Tudo mai√∫sculo
Symmetry‚Ñ¢,['Caracteres especiais'],Nome padr√£o,Symmetry,OK
T-Systems North America,['OK'],Nome padr√£o,T-Systems North America,OK
T-Systems North America,['OK'],Nome padr√£o,T-Systems North America,OK
Unify,['OK'],Nome padr√£o,Unify,OK
DocuWare,['OK'],Nome padr√£o,Docuware,OK
Atos T√ºrkiye,['OK'],Nome padr√£o,Atos T√ºrkiye,OK
Kapernikov,['OK'],Nome padr√£o,Kapernikov,OK
emnos,['Tudo min√∫sculo'],Nome padr√£o,Emnos,OK
Kenjo,['OK'],Nome padr√£o,Kenjo,OK
SOGETI High Tech,['OK'],Cont√©m siglas,SOGETI High Tech,OK
Bolt,['OK'],Muito curto,Bolt,OK
Giesecke+Devrient,['Caracteres especiais'],Nome padr√£o,GieseckeDevrient,OK
Amazon Development Center,['OK'],Nome padr√£o,Amazon Development Center,OK
OVHcloud,['OK'],Nome padr√£o,Ovhcloud,OK
Mindee,['OK'],Nome padr√£o,Mindee,OK
nmedia GmbH,['OK'],Com sufixo corporativo,Nmedia,OK
SUSE,['Tudo mai√∫sculo'],Muito curto,SUSE,Tudo mai√∫sculo
marken mehrwert - brand added value AG,['OK'],Com sufixo corporativo,Marken Mehrwert - Brand Added Value,OK
ARMITAGE SYSTEMS LTD,['Tudo mai√∫sculo'],Com sufixo corporativo,ARMITAGE SYSTEMS LTD,Tudo mai√∫sculo
WizzInvest,['OK'],Nome padr√£o,Wizzinvest,OK
Ernst & Young,['OK'],Nome padr√£o,Ernst & Young,OK
Canon UK,['OK'],Cont√©m siglas,Canon Uk,OK
Distribusion Technologies,['OK'],Nome padr√£o,Distribusion Technologies,OK
Amazon Development Center (Ivona Software),['OK'],Nome padr√£o,Amazon Development Center Ivona Software,OK
Regnology,['OK'],Nome padr√£o,Regnology,OK
McDonald's,['Caracteres especiais'],Nome padr√£o,McdonaldS,OK
PandaScore,['OK'],Nome padr√£o,Pandascore,OK
PandaScore,['OK'],Nome padr√£o,Pandascore,OK
PandaScore,['OK'],Nome padr√£o,Pandascore,OK
PandaScore,['OK'],Nome padr√£o,Pandascore,OK
PandaScore,['OK'],Nome padr√£o,Pandascore,OK
showroomprive.com,['Tudo min√∫sculo'],Nome padr√£o,ShowroompriveCom,OK
Veepee,['OK'],Nome padr√£o,Veepee,OK
CORPORAMA,['Tudo mai√∫sculo'],Cont√©m siglas,CORPORAMA,Tudo mai√∫sculo
Spend-365,['Cont√©m n√∫meros'],Nome padr√£o,Spend-365,Cont√©m n√∫meros
GK Software SE,['OK'],Cont√©m siglas,Gk Software Se,OK
EY,['Tudo mai√∫sculo'],Muito curto,Ey (abreviado),OK
Giesecke & Devrient,['OK'],Nome padr√£o,Giesecke & Devrient,OK
CertEurope - An InfoCert Company,['OK'],Nome padr√£o,Certeurope - An Infocertmpany,OK
MyEnergy Solutions Ltd,['OK'],Com sufixo corporativo,Myenergy Solutions,OK
Evolve,['OK'],Nome padr√£o,Evolve,OK
"BCS, The Chartered Institute for IT",['OK'],Cont√©m siglas,BCS The Chartered Institute For It,OK
Industrial Application Software (IAS) GmbH,['OK'],Com sufixo corporativo,Industrial Application Software IAS,OK
Amazon Development Center,['OK'],Nome padr√£o,Amazon Development Center,OK
EY,['Tudo mai√∫sculo'],Muito curto,Ey (abreviado),OK
EY,['Tudo mai√∫sculo'],Muito curto,Ey (abreviado),OK
Amazon Development Center,['OK'],Nome padr√£o,Amazon Development Center,OK
Kagool,['OK'],Nome padr√£o,Kagool,OK
Datamatics Group,['OK'],Nome padr√£o,Datamatics Group,OK
Xee,['OK'],Muito curto,Xee,OK
Ariba,['OK'],Nome padr√£o,Ariba,OK
cycos AG,['OK'],Com sufixo corporativo,Cycos,OK
"cycos AG, an Eviden Business",['OK'],Com sufixo corporativo,Cycos An Eviden Business,OK
Freelance Costiumer,['OK'],Nome padr√£o,Freelancestiumer,OK
clickworker,['Tudo min√∫sculo'],Nome padr√£o,Clickworker,OK
Allgeier Experts,['OK'],Nome padr√£o,Allgeier Experts,OK
Tiime,['OK'],Nome padr√£o,Tiime,OK
Intenta GmbH,['OK'],Com sufixo corporativo,Intenta,OK
Vearsa,['OK'],Nome padr√£o,Vearsa,OK
Pure Barre,['OK'],Nome padr√£o,Pure Barre,OK
EY,['Tudo mai√∫sculo'],Muito curto,Ey (abreviado),OK
Gemalto,['OK'],Nome padr√£o,Gemalto,OK
Gemalto,['OK'],Nome padr√£o,Gemalto,OK
INFOLOG GmbH,['OK'],Com sufixo corporativo,INFOLOG,Tudo mai√∫sculo
Wavestone,['OK'],Nome padr√£o,Wavestone,OK
20SHOTS,"['Cont√©m n√∫meros', 'Tudo mai√∫sculo']",Nome padr√£o,20SHOTS,Tudo mai√∫sculo
Awingu,['OK'],Nome padr√£o,Awingu,OK
Noventiq,['OK'],Nome padr√£o,Noventiq,OK
Amazon Development Center,['OK'],Nome padr√£o,Amazon Development Center,OK
ISAGRI Groupe,['OK'],Com sufixo corporativo,ISAGRI Groupe,OK
GoodVision Ltd,['OK'],Com sufixo corporativo,Goodvision,OK
Sdui,['OK'],Muito curto,Sdui,OK
Housing Partners Ltd,['OK'],Com sufixo corporativo,Housing Partners,OK
Betfair,['OK'],Nome padr√£o,Betfair,OK
Swile,['OK'],Nome padr√£o,Swile,OK
PandaScore,['OK'],Nome padr√£o,Pandascore,OK
Veepee,['OK'],Nome padr√£o,Veepee,OK
PandaScore,['OK'],Nome padr√£o,Pandascore,OK
MyBus,['OK'],Nome padr√£o,Mybus,OK
UXMA GmbH & Co. KG,['OK'],Com sufixo corporativo,UXMA & Kg,OK
Stimme Mediengruppe,['OK'],Nome padr√£o,Stimme Mediengruppe,OK
BPCE Infog√©rance & Technologies,['OK'],Cont√©m siglas,BPCE Infog√©rance & Technologies,OK
T-Systems South Africa,['OK'],Nome padr√£o,T-Systems South Africa,OK
Amazon Development Center,['OK'],Nome padr√£o,Amazon Development Center,OK
R√∂dl & Partner,['OK'],Nome padr√£o,R√∂dl & Partner,OK
Vlaanderen connect.,['OK'],Nome padr√£o,Vlaanderen Connect,OK
ARIADNEXT,['Tudo mai√∫sculo'],Cont√©m siglas,ARIADNEXT,Tudo mai√∫sculo
TIER Mobility,['OK'],Cont√©m siglas,TIER Mobility,OK
Veepee,['OK'],Nome padr√£o,Veepee,OK
PandaScore,['OK'],Nome padr√£o,Pandascore,OK
PandaScore,['OK'],Nome padr√£o,Pandascore,OK
AQUASSAY,['Tudo mai√∫sculo'],Com sufixo corporativo,AQUASSAY,Tudo mai√∫sculo
AQUASSAY,['Tudo mai√∫sculo'],Com sufixo corporativo,AQUASSAY,Tudo mai√∫sculo
Ahold Delhaize,['OK'],Nome padr√£o,Ahold Delhaize,OK
Ahold Delhaize,['OK'],Nome padr√£o,Ahold Delhaize,OK
Bonial.com,['OK'],Nome padr√£o,BonialCom,OK
teclet,['Tudo min√∫sculo'],Nome padr√£o,Teclet,OK
Operator Chmury Krajowej - OChK,['OK'],Nome padr√£o,Operator Chmury Krajowej - Ochk,OK
Operator Chmury Krajowej,['OK'],Nome padr√£o,Operator Chmury Krajowej,OK
Operator Chmury Krajowej,['OK'],Nome padr√£o,Operator Chmury Krajowej,OK
The Unity Soft,['OK'],Nome padr√£o,The Unity Soft,OK
allbranded,['Tudo min√∫sculo'],Nome padr√£o,Allbranded,OK
JANUS Engineering AG,['OK'],Com sufixo corporativo,JANUS Engineering,OK
REAKTO Polska,['OK'],Cont√©m siglas,REAKTO Polska,OK
HOLOGATE,['Tudo mai√∫sculo'],Cont√©m siglas,HOLOGATE,Tudo mai√∫sculo
heycar,['Tudo min√∫sculo'],Nome padr√£o,Heycar,OK
Logicalis UK,['OK'],Cont√©m siglas,Logicalis Uk,OK
"Siemens, Munich (Germany)",['OK'],Nome padr√£o,Siemens Munich Germany,OK
Siemens Communications,['OK'],Nome padr√£o,Siemensmmunications,OK
Siemens Enterprise Communication,['OK'],Nome padr√£o,Siemens Enterprisemmunication,OK
Siemens AG Com Enterprise,['OK'],Com sufixo corporativo,Siemensm Enterprise,OK
ETIV-System Gmbh,['OK'],Cont√©m siglas,Etiv-System Gmbh,OK
Tweaq,['OK'],Nome padr√£o,Tweaq,OK
pdm solutions GmbH,['OK'],Com sufixo corporativo,Pdm Solutions,OK
IP Dynamics GmbH,['OK'],Com sufixo corporativo,Ip Dynamics,OK
Konrad Sp. z o.o.,['OK'],Nome padr√£o,Konrad Sp Z OO,OK
Konrad Sp. z o.o.,['OK'],Nome padr√£o,Konrad Sp Z OO,OK
Codility,['OK'],Nome padr√£o,Codility,OK
Codility,['OK'],Nome padr√£o,Codility,OK
collaboration Factory AG,['OK'],Com sufixo corporativo,Collaboration Factory,OK
Techpilot - DynamicMarkets GmbH,['OK'],Com sufixo corporativo,Techpilot - Dynamicmarkets,OK
Techpilot - DynamicMarkets GmbH,['OK'],Com sufixo corporativo,Techpilot - Dynamicmarkets,OK
Xantaro,['OK'],Nome padr√£o,Xantaro,OK
3i-Vision,['Cont√©m n√∫meros'],Nome padr√£o,3I-Vision,Cont√©m n√∫meros
AIR WALLET,['Tudo mai√∫sculo'],Cont√©m siglas,AIR WALLET,Tudo mai√∫sculo
Sectorea IT,['OK'],Cont√©m siglas,Sectorea It,OK
Ciberkon,['OK'],Nome padr√£o,Ciberkon,OK
EPBJC/IBJC,"['Caracteres especiais', 'Tudo mai√∫sculo']",Cont√©m siglas,EPBJCIBJC,Tudo mai√∫sculo
XITASO GmbH,['OK'],Com sufixo corporativo,XITASO,Tudo mai√∫sculo
Methods,['OK'],Nome padr√£o,Methods,OK
The Point Company,['OK'],Nome padr√£o,The Pointmpany,OK
The Point Company,['OK'],Nome padr√£o,The Pointmpany,OK
Liberata,['OK'],Nome padr√£o,Liberata,OK
Nagarro,['OK'],Nome padr√£o,Nagarro,OK
M6toll,['Cont√©m n√∫meros'],Nome padr√£o,M6Toll,Cont√©m n√∫meros
mgm technology partners GmbH,['OK'],Com sufixo corporativo,Mgm Technology Partners,OK
mgm technology partners GmbH,['OK'],Com sufixo corporativo,Mgm Technology Partners,OK
KnowledgeWorks,['OK'],Nome padr√£o,Knowledgeworks,OK
PricewaterhouseCoopers,['OK'],Nome padr√£o,Pricewaterhousecoopers,OK
PricewaterhouseCoopers,['OK'],Nome padr√£o,Pricewaterhousecoopers,OK
Infopro Digital,['OK'],Nome padr√£o,Infopro Digital,OK
vente-privee,['Tudo min√∫sculo'],Nome padr√£o,Vente-Privee,OK
Combell,['OK'],Nome padr√£o,Combell,OK
ResearchGate,['OK'],Nome padr√£o,Researchgate,OK
Aryza,['OK'],Nome padr√£o,Aryza,OK
Eppione¬Æ,['Caracteres especiais'],Nome padr√£o,Eppione,OK
SSL247,"['Cont√©m n√∫meros', 'Tudo mai√∫sculo']",Com sufixo corporativo,SSL247,Tudo mai√∫sculo
Altran,['OK'],Nome padr√£o,Altran,OK
Orange Business Services,['OK'],Nome padr√£o,Orange Business Services,OK
Northern Data AG,['OK'],Com sufixo corporativo,Northern Data,OK
NRail - Information Technologies,['OK'],Nome padr√£o,Nrail - Information Technologies,OK
APC,['Tudo mai√∫sculo'],Muito curto,APC,Tudo mai√∫sculo
Greenergy Data Centers,['OK'],Nome padr√£o,Greenergy Data Centers,OK
Agilisys,['OK'],Nome padr√£o,Agilisys,OK
PwC,['OK'],Muito curto,Pwc,OK
NEUROHM,['Tudo mai√∫sculo'],Cont√©m siglas,NEUROHM,Tudo mai√∫sculo
Intergral | FusionReactor APM,['Caracteres especiais'],Cont√©m siglas,Intergral Fusionreactor APM,OK
Capita,['OK'],Nome padr√£o,Capita,OK
NOVUM-RGI,['Tudo mai√∫sculo'],Cont√©m siglas,NOVUM-RGI,Tudo mai√∫sculo
NOVUM-RGI,['Tudo mai√∫sculo'],Cont√©m siglas,NOVUM-RGI,Tudo mai√∫sculo
NOVUM-RGI,['Tudo mai√∫sculo'],Cont√©m siglas,NOVUM-RGI,Tudo mai√∫sculo
tts - we empower people,['Tudo min√∫sculo'],Nome padr√£o,Tts - We Empower People,OK
tts - knowledge matters.,['Tudo min√∫sculo'],Nome padr√£o,Tts - Knowledge Matters,OK
tts - knowledge matters.,['Tudo min√∫sculo'],Nome padr√£o,Tts - Knowledge Matters,OK
Ajilon UK,['OK'],Cont√©m siglas,Ajilon Uk,OK
CAULFIELD TRANSPORT LTD,['Tudo mai√∫sculo'],Cont√©m siglas,CAULFIELD TRANSPORT LTD,Tudo mai√∫sculo
Guidance Technologies Ltd,['OK'],Com sufixo corporativo,Guidance Technologies,OK
Sopra Banking Software,['OK'],Nome padr√£o,Sopra Banking Software,OK
Layer Data Consulting,['OK'],Nome padr√£o,Layer Datansulting,OK
GRAITEC GROUP,['Tudo mai√∫sculo'],Cont√©m siglas,GRAITEC GROUP,Tudo mai√∫sculo
AID Add Intelligence to data - Data Agency,['OK'],Cont√©m siglas,AID Add Intelligence To Data - Data Agency,OK
Johnson & Johnson,['OK'],Nome padr√£o,Johnson & Johnson,OK
Kimcell Ltd,['OK'],Com sufixo corporativo,Kimcell,OK
Kisio Digital,['OK'],Nome padr√£o,Kisio Digital,OK
Statista,['OK'],Nome padr√£o,Statista,OK
cleverbridge,['Tudo min√∫sculo'],Nome padr√£o,Cleverbridge,OK
cleverbridge,['Tudo min√∫sculo'],Nome padr√£o,Cleverbridge,OK
comparethemarket.com,['Tudo min√∫sculo'],Nome padr√£o,ComparethemarketCom,OK
AKG Civil Solutions GmbH,['OK'],Com sufixo corporativo,AKG Civil Solutions,OK
Cartier,['OK'],Nome padr√£o,Cartier,OK
MenuSpring,['OK'],Nome padr√£o,Menuspring,OK
Capita Business Services,['OK'],Nome padr√£o,Capita Business Services,OK
IDEMIA,['Tudo mai√∫sculo'],Cont√©m siglas,IDEMIA,Tudo mai√∫sculo
Capita,['OK'],Nome padr√£o,Capita,OK
Thalia B√ºcher GmbH,['OK'],Com sufixo corporativo,Thalia B√ºcher,OK
EY,['Tudo mai√∫sculo'],Muito curto,Ey (abreviado),OK
Bridgehead Pharmalicensing Group Ltd,['OK'],Com sufixo corporativo,Bridgehead Pharmalicensing Group,OK
CoreMedia,['OK'],Nome padr√£o,Coremedia,OK
UBH Software & Engineering GmbH,['OK'],Com sufixo corporativo,UBH Software & Engineering,OK
S&K Solutions GmbH,['OK'],Com sufixo corporativo,S&K Solutions,OK
AI&DATA,['Tudo mai√∫sculo'],Cont√©m siglas,AI&DATA,Tudo mai√∫sculo
Birdz,['OK'],Nome padr√£o,Birdz,OK
Birdz,['OK'],Nome padr√£o,Birdz,OK
AI&DATA,['Tudo mai√∫sculo'],Cont√©m siglas,AI&DATA,Tudo mai√∫sculo
AI&DATA,['Tudo mai√∫sculo'],Cont√©m siglas,AI&DATA,Tudo mai√∫sculo
Devoteam Data Driven,['OK'],Nome padr√£o,Devoteam Data Driven,OK
Kisio Digital,['OK'],Nome padr√£o,Kisio Digital,OK
Nomination.fr,['OK'],Nome padr√£o,NominationFr,OK
Nomination.fr,['OK'],Nome padr√£o,NominationFr,OK
Nomination.fr,['OK'],Nome padr√£o,NominationFr,OK
Brongle,['OK'],Nome padr√£o,Brongle,OK
Energy Net GmbH,['OK'],Com sufixo corporativo,Energy Net,OK
VIDAL grop,['OK'],Cont√©m siglas,VIDAL Grop,OK
SPORTTOTAL TECHNOLOGY GmbH,['OK'],Com sufixo corporativo,SPORTTOTAL TECHNOLOGY,Tudo mai√∫sculo
Techem,['OK'],Nome padr√£o,Techem,OK
Infobip,['OK'],Nome padr√£o,Infobip,OK
FluidStack,['OK'],Nome padr√£o,Fluidstack,OK
GSD Remarketing GmbH & Co. KG,['OK'],Com sufixo corporativo,GSD Remarketing & Kg,OK
nextevolution GmbH,['OK'],Com sufixo corporativo,Nextevolution,OK
nextevolution GmbH,['OK'],Com sufixo corporativo,Nextevolution,OK
Scopeland Technology,['OK'],Nome padr√£o,Scopeland Technology,OK
Code Red.,['OK'],Nome padr√£o,Code Red,OK
basecom,['Tudo min√∫sculo'],Nome padr√£o,Basecom,OK
billwerk,['Tudo min√∫sculo'],Nome padr√£o,Billwerk,OK
Devexperts,['OK'],Nome padr√£o,Devexperts,OK
cleverbridge,['Tudo min√∫sculo'],Nome padr√£o,Cleverbridge,OK
cleverbridge,['Tudo min√∫sculo'],Nome padr√£o,Cleverbridge,OK
cleverbridge,['Tudo min√∫sculo'],Nome padr√£o,Cleverbridge,OK
ista,['Tudo min√∫sculo'],Muito curto,Ista,OK
Civica,['OK'],Nome padr√£o,Civica,OK
Star,['OK'],Muito curto,Star,OK
Oberthur Technologies,['OK'],Nome padr√£o,Oberthur Technologies,OK
Orange Business Services,['OK'],Nome padr√£o,Orange Business Services,OK
WEKO,['Tudo mai√∫sculo'],Muito curto,WEKO,Tudo mai√∫sculo
Playtech,['OK'],Nome padr√£o,Playtech,OK
PSI Software,['OK'],Cont√©m siglas,PSI Software,OK
Winnow,['OK'],Nome padr√£o,Winnow,OK
Inherrit,['OK'],Nome padr√£o,Inherrit,OK
monkinet.io,['Tudo min√∫sculo'],Nome padr√£o,MonkinetIo,OK
Sopra HR Software Espa√±a,['OK'],Cont√©m siglas,Sopra Hr Software Espa√±a,OK
PROXIAD,['Tudo mai√∫sculo'],Cont√©m siglas,PROXIAD,Tudo mai√∫sculo
Playtech,['OK'],Nome padr√£o,Playtech,OK
Playtech,['OK'],Nome padr√£o,Playtech,OK
Hove,['OK'],Muito curto,Hove,OK
gofeminin.de GmbH,['OK'],Com sufixo corporativo,GofemininDe,OK
Compare the Market,['OK'],Nome padr√£o,Compare The Market,OK
Orange Business Services,['OK'],Nome padr√£o,Orange Business Services,OK
Eucon Group,['OK'],Nome padr√£o,Eucon Group,OK
TIMETOACT GROUP,['Tudo mai√∫sculo'],Cont√©m siglas,TIMETOACT GROUP,Tudo mai√∫sculo
Software Development Company,['OK'],Nome padr√£o,Software Developmentmpany,OK
PricewaterhouseCoopers,['OK'],Nome padr√£o,Pricewaterhousecoopers,OK
Atos,['OK'],Muito curto,Atos,OK
Hypoport SE,['OK'],Cont√©m siglas,Hypoport Se,OK
Outpayce from Amadeus,['OK'],Nome padr√£o,Outpayce From Amadeus,OK
ION,['Tudo mai√∫sculo'],Muito curto,ION,Tudo mai√∫sculo
Adaptavist,['OK'],Nome padr√£o,Adaptavist,OK
Adaptavist,['OK'],Nome padr√£o,Adaptavist,OK
GlobalLogic UK&I,['OK'],Cont√©m siglas,Globallogic UK&I,OK
NTT Ltd.,['OK'],Com sufixo corporativo,NTT,Tudo mai√∫sculo
Onventis GmbH,['OK'],Com sufixo corporativo,Onventis,OK
Onventis,['OK'],Nome padr√£o,Onventis,OK
Gurtam,['OK'],Nome padr√£o,Gurtam,OK
Gurtam,['OK'],Nome padr√£o,Gurtam,OK
Gurtam,['OK'],Nome padr√£o,Gurtam,OK
Fresh8 Gaming,['Cont√©m n√∫meros'],Nome padr√£o,Fresh8 Gaming,Cont√©m n√∫meros
Forbis,['OK'],Nome padr√£o,Forbis,OK
Nechi Group,['OK'],Nome padr√£o,Nechi Group,OK
kollex,['Tudo min√∫sculo'],Nome padr√£o,Kollex,OK
Capita,['OK'],Nome padr√£o,Capita,OK
AI&DATA,['Tudo mai√∫sculo'],Cont√©m siglas,AI&DATA,Tudo mai√∫sculo
Eucon GmbH,['OK'],Com sufixo corporativo,Eucon,OK
INFORM GmbH - Optimization Software,['OK'],Com sufixo corporativo,INFORM - Optimization Software,OK
ORAYLIS GmbH Business Intelligence,['OK'],Com sufixo corporativo,ORAYLIS Business Intelligence,OK
EDUdigital Educa√ß√£o e Tecnologias,['OK'],Nome padr√£o,Edudigital Educa√ß√£o E Tecnologias,OK
PricewaterhouseCoopers,['OK'],Nome padr√£o,Pricewaterhousecoopers,OK
BOXIA,['Tudo mai√∫sculo'],Cont√©m siglas,BOXIA,Tudo mai√∫sculo
Fleets International Enterprises GmbH,['OK'],Com sufixo corporativo,Fleets International Enterprises,OK
iObeya,['OK'],Nome padr√£o,Iobeya,OK
abat+ GmbH,['Caracteres especiais'],Com sufixo corporativo,Abat,OK
VAPS GmbH,['OK'],Com sufixo corporativo,VAPS,Tudo mai√∫sculo
MediaInterface GmbH,['OK'],Com sufixo corporativo,Mediainterface,OK
Capita,['OK'],Nome padr√£o,Capita,OK
TechWisely Ltd,['OK'],Com sufixo corporativo,Techwisely,OK
Cartrack Portugal,['OK'],Nome padr√£o,Cartrack Portugal,OK
Carvivo,['OK'],Nome padr√£o,Carvivo,OK
GeneaNet,['OK'],Nome padr√£o,Geneanet,OK
NOVENTI Health SE,['OK'],Cont√©m siglas,NOVENTI Health Se,OK
Toshiba Europe Ltd,['OK'],Com sufixo corporativo,Toshiba Europe,OK
ELEKS,['Tudo mai√∫sculo'],Cont√©m siglas,ELEKS,Tudo mai√∫sculo
INTREXX GmbH,['OK'],Com sufixo corporativo,INTREXX,Tudo mai√∫sculo
Fintech Company,['OK'],Nome padr√£o,Fintechmpany,OK
nextevolution GmbH,['OK'],Com sufixo corporativo,Nextevolution,OK
1st solution consulting gmbh,"['Cont√©m n√∫meros', 'Tudo min√∫sculo']",Nome padr√£o,1St Solution Consulting Gmbh,Cont√©m n√∫meros
admeritia GmbH,['OK'],Com sufixo corporativo,Admeritia,OK
admeritia GmbH,['OK'],Com sufixo corporativo,Admeritia,OK
Infomil,['OK'],Nome padr√£o,Infomil,OK
Akeneo,['OK'],Nome padr√£o,Akeneo,OK
Future Processing Sp. z o.o.,['OK'],Nome padr√£o,Future Processing Sp Z OO,OK
Capita,['OK'],Nome padr√£o,Capita,OK
Informatique CDC,['OK'],Cont√©m siglas,Informatique CDC,OK
MEETYOO,['Tudo mai√∫sculo'],Cont√©m siglas,MEETYOO,Tudo mai√∫sculo
WSP in the UK,['OK'],Cont√©m siglas,WSP In The Uk,OK
eBilet Polska,['OK'],Nome padr√£o,Ebilet Polska,OK
Value Governance Research,['OK'],Nome padr√£o,Value Governance Research,OK
Quantum Mads,['OK'],Nome padr√£o,Quantum Mads,OK
flexis AG Supply Chain Solutions,['OK'],Com sufixo corporativo,Flexis Supply Chain Solutions,OK
flexis AG,['OK'],Com sufixo corporativo,Flexis,OK
Cognodata,['OK'],Nome padr√£o,Cognodata,OK
TACTECH New Media,['OK'],Cont√©m siglas,TACTECH New Media,OK
Jedox,['OK'],Nome padr√£o,Jedox,OK
Civica,['OK'],Nome padr√£o,Civica,OK
CLOWD9,"['Cont√©m n√∫meros', 'Tudo mai√∫sculo']",Nome padr√£o,CLOWD9,Tudo mai√∫sculo
mikadolabs.,['Tudo min√∫sculo'],Nome padr√£o,Mikadolabs,OK
Telecentras,['OK'],Nome padr√£o,Telecentras,OK
MagicBeans,['OK'],Nome padr√£o,Magicbeans,OK
TAP.DE Solutions GmbH,['OK'],Com sufixo corporativo,TAPDE Solutions,OK
Strix DE,['OK'],Cont√©m siglas,Strix De,OK
PSW GROUP,['Tudo mai√∫sculo'],Cont√©m siglas,PSW GROUP,Tudo mai√∫sculo
PSW GROUP Consulting GmbH & Co. KG,['OK'],Com sufixo corporativo,PSW Groupnsulting & Kg,OK
Appsfactory,['OK'],Nome padr√£o,Appsfactory,OK
Sopra Steria,['OK'],Nome padr√£o,Sopra Steria,OK
Kpler,['OK'],Nome padr√£o,Kpler,OK
eos.uptrade,['Tudo min√∫sculo'],Nome padr√£o,EosUptrade,OK
Digitup Company,['OK'],Nome padr√£o,Digitupmpany,OK
Anexia Consultor√≠a,['OK'],Nome padr√£o,Anexiansultor√≠a,OK
wunderbit GmbH & Co. KG,['OK'],Com sufixo corporativo,Wunderbit & Kg,OK
dibuco - The Digital Business Company,['OK'],Nome padr√£o,Dibuco - The Digital Businessmpany,OK
aixigo AG,['OK'],Com sufixo corporativo,Aixigo,OK
"Fluid-e, supply chain orchestration",['OK'],Nome padr√£o,Fluid-E Supply Chain Orchestration,OK
Deepki,['OK'],Nome padr√£o,Deepki,OK
SATEC,['Tudo mai√∫sculo'],Com sufixo corporativo,SATEC,Tudo mai√∫sculo
Exclusive Networks Espa√±a,['OK'],Nome padr√£o,Exclusive Networks Espa√±a,OK
comparethemarket.com,['Tudo min√∫sculo'],Nome padr√£o,ComparethemarketCom,OK
Electoral Reform Services,['OK'],Nome padr√£o,Electoral Reform Services,OK
VAKT Global Ltd,['OK'],Com sufixo corporativo,VAKT Global,OK
microtech GmbH,['OK'],Com sufixo corporativo,Microtech,OK
MEDIFOX DAN,['Tudo mai√∫sculo'],Cont√©m siglas,MEDIFOX DAN,Tudo mai√∫sculo
OPEN MIND SYSTEMS,['Tudo mai√∫sculo'],Cont√©m siglas,OPEN MIND SYSTEMS,Tudo mai√∫sculo
Parkopedia,['OK'],Nome padr√£o,Parkopedia,OK
Cdiscount,['OK'],Nome padr√£o,Cdiscount,OK
CTAIMA,['Tudo mai√∫sculo'],Cont√©m siglas,CTAIMA,Tudo mai√∫sculo
NTT DATA Europe & Latam,['OK'],Cont√©m siglas,NTT DATA Europe & Latam,OK
NTT DATA Europe & Latam,['OK'],Cont√©m siglas,NTT DATA Europe & Latam,OK
Playtech,['OK'],Nome padr√£o,Playtech,OK
Playtech,['OK'],Nome padr√£o,Playtech,OK
Jobandtalent,['OK'],Nome padr√£o,Jobandtalent,OK
IGEL Technology,['OK'],Cont√©m siglas,IGEL Technology,OK
vente-privee devient Veepee,['OK'],Nome padr√£o,Vente-Privee Devient Veepee,OK
vente-privee devient Veepee,['OK'],Nome padr√£o,Vente-Privee Devient Veepee,OK
vente-privee devient Veepee,['OK'],Nome padr√£o,Vente-Privee Devient Veepee,OK
vente-privee devient Veepee,['OK'],Nome padr√£o,Vente-Privee Devient Veepee,OK
Atos,['OK'],Muito curto,Atos,OK
Smals,['OK'],Nome padr√£o,Smals,OK
TRAFI,['Tudo mai√∫sculo'],Cont√©m siglas,Trafi,OK
Atos International,['OK'],Nome padr√£o,Atos International,OK
Trafi,['OK'],Nome padr√£o,Trafi,OK
TORUS ACTIONS,['Tudo mai√∫sculo'],Cont√©m siglas,TORUS ACTIONS,Tudo mai√∫sculo
OVHcloud,['OK'],Nome padr√£o,Ovhcloud,OK
MedicalSyn GmbH,['OK'],Com sufixo corporativo,Medicalsyn,OK
Bleenco,['OK'],Nome padr√£o,Bleenco,OK
LANDYTECH,['Tudo mai√∫sculo'],Cont√©m siglas,LANDYTECH,Tudo mai√∫sculo
Privalia,['OK'],Nome padr√£o,Privalia,OK
Privalia,['OK'],Nome padr√£o,Privalia,OK
Plantix,['OK'],Nome padr√£o,Plantix,OK
RCA,['Tudo mai√∫sculo'],Muito curto,RCA,Tudo mai√∫sculo
Bosch,['OK'],Nome padr√£o,Bosch,OK
Freetrade,['OK'],Nome padr√£o,Freetrade,OK
Upscaler,['OK'],Nome padr√£o,Upscaler,OK
Mail Metrics,['OK'],Nome padr√£o,Mail Metrics,OK
Veepee,['OK'],Nome padr√£o,Veepee,OK
Veepee,['OK'],Nome padr√£o,Veepee,OK
Kapernikov,['OK'],Nome padr√£o,Kapernikov,OK
Telemedicine Technologies,['OK'],Nome padr√£o,Telemedicine Technologies,OK
Quinten,['OK'],Nome padr√£o,Quinten,OK
Ricoh UK,['OK'],Cont√©m siglas,Ricoh Uk,OK
Numbr Paris (ex Novaa Expertise & Incityz),['OK'],Com sufixo corporativo,Numbr Paris Ex Novaa Expertise &Ityz,OK
Niji,['OK'],Muito curto,Niji,OK
Telemedicine Technologies Belgium,['OK'],Nome padr√£o,Telemedicine Technologies Belgium,OK
Business & Decision,['OK'],Nome padr√£o,Business & Decision,OK
SYSTKOM GmbH,['OK'],Com sufixo corporativo,SYSTKOM,Tudo mai√∫sculo
Housing Partners Ltd,['OK'],Com sufixo corporativo,Housing Partners,OK
Housing Partners Ltd,['OK'],Com sufixo corporativo,Housing Partners,OK
Business & Decision Group,['OK'],Nome padr√£o,Business & Decision Group,OK
Qredo,['OK'],Nome padr√£o,Qredo,OK
Epiconcept company : Epidemiology - e-Health - Data science,['Caracteres especiais'],Nome padr√£o,Epiconcept Company Epidemiology - E-Health - Data Science,OK
Median Technologies,['OK'],Nome padr√£o,Median Technologies,OK
Waysia (ex Alorsfaim),['OK'],Nome padr√£o,Waysia Ex Alorsfaim,OK
Waysia (ex Alorsfaim),['OK'],Nome padr√£o,Waysia Ex Alorsfaim,OK
ALORSFAIM,['Tudo mai√∫sculo'],Cont√©m siglas,ALORSFAIM,Tudo mai√∫sculo
Groupe IDAIA,['OK'],Cont√©m siglas,Groupe IDAIA,OK
BOCASAY,['Tudo mai√∫sculo'],Com sufixo corporativo,BOCASAY,Tudo mai√∫sculo
dxFeed,['OK'],Nome padr√£o,Dxfeed,OK
Grupo Oes√≠a,['OK'],Nome padr√£o,Grupo Oes√≠a,OK
GoCardless,['OK'],Nome padr√£o,Gocardless,OK
Kommunaler Versorgungsverband Brandenburg,['OK'],Nome padr√£o,Kommunaler Versorgungsverband Brandenburg,OK
Regnology,['OK'],Nome padr√£o,Regnology,OK
encoway GmbH,['OK'],Com sufixo corporativo,Encoway,OK
Veepee,['OK'],Nome padr√£o,Veepee,OK
Reiz Tech,['OK'],Nome padr√£o,Reiz Tech,OK
Reiz Tech,['OK'],Nome padr√£o,Reiz Tech,OK
IGT,['Tudo mai√∫sculo'],Muito curto,IGT,Tudo mai√∫sculo
Digital Catapult,['OK'],Nome padr√£o,Digital Catapult,OK
Omniga GmbH & Co. KG,['OK'],Com sufixo corporativo,Omniga & Kg,OK
Omniga GmbH & Co. KG,['OK'],Com sufixo corporativo,Omniga & Kg,OK
Fintegry,['OK'],Nome padr√£o,Fintegry,OK
eVergabe.de GmbH,['OK'],Com sufixo corporativo,EvergabeDe,OK
CYBERDYNE IT GmbH,['OK'],Com sufixo corporativo,CYBERDYNE It,OK
Porism,['OK'],Nome padr√£o,Porism,OK
REAKTO Polska,['OK'],Cont√©m siglas,REAKTO Polska,OK
Bosch,['OK'],Nome padr√£o,Bosch,OK
3U TELECOM GmbH,['Cont√©m n√∫meros'],Com sufixo corporativo,3U TELECOM,Tudo mai√∫sculo
Impetus Unternehmensberatung GmbH,['OK'],Com sufixo corporativo,Impetus Unternehmensberatung,OK
International Game Technology,['OK'],Nome padr√£o,International Game Technology,OK
Centili,['OK'],Nome padr√£o,Centili,OK
LifeFlow,['OK'],Nome padr√£o,Lifeflow,OK
LifeFlow,['OK'],Nome padr√£o,Lifeflow,OK
Converteo,['OK'],Nome padr√£o,Converteo,OK
Converteo,['OK'],Nome padr√£o,Converteo,OK
FULLSOON,['Tudo mai√∫sculo'],Cont√©m siglas,FULLSOON,Tudo mai√∫sculo
KPC - KEY PERFORMANCE CONSULTING,['Tudo mai√∫sculo'],Cont√©m siglas,KPC - KEY PERFORMANCE CONSULTING,Tudo mai√∫sculo
Groupe IDAIA,['OK'],Cont√©m siglas,Groupe IDAIA,OK
KPC - KEY PERFORMANCE CONSULTING,['Tudo mai√∫sculo'],Cont√©m siglas,KPC - KEY PERFORMANCE CONSULTING,Tudo mai√∫sculo
Innopublica,['OK'],Nome padr√£o,Innopublica,OK
Autenti,['OK'],Nome padr√£o,Autenti,OK
MakoLab,['OK'],Nome padr√£o,Makolab,OK
autoRetouch,['OK'],Nome padr√£o,Autoretouch,OK
L'Empreinte¬Æ,['Caracteres especiais'],Nome padr√£o,LEmpreinte,OK
SaebaWeb,['OK'],Nome padr√£o,Saebaweb,OK
centron GmbH,['OK'],Com sufixo corporativo,Centron,OK
centron GmbH,['OK'],Com sufixo corporativo,Centron,OK
Energy Brainpool GmbH & Co. KG,['OK'],Com sufixo corporativo,Energy Brainpool & Kg,OK
Energy Brainpool GmbH & Co. KG,['OK'],Com sufixo corporativo,Energy Brainpool & Kg,OK
IKOR GmbH,['OK'],Com sufixo corporativo,IKOR,Tudo mai√∫sculo
IKOR GmbH,['OK'],Com sufixo corporativo,IKOR,Tudo mai√∫sculo
DOUBLETRADE,['Tudo mai√∫sculo'],Cont√©m siglas,DOUBLETRADE,Tudo mai√∫sculo
Sch√ºttflix,['OK'],Nome padr√£o,Sch√ºttflix,OK
Sch√ºttflix,['OK'],Nome padr√£o,Sch√ºttflix,OK
Extra Horizon,['OK'],Nome padr√£o,Extra Horizon,OK
PROSPER X GmbH,['OK'],Com sufixo corporativo,PROSPER X,Tudo mai√∫sculo
diva-e Digital Value Excellence GmbH,['OK'],Com sufixo corporativo,Diva-E Digital Value Excellence,OK
Veepee,['OK'],Nome padr√£o,Veepee,OK
CDS UK,['Tudo mai√∫sculo'],Cont√©m siglas,CDS Uk,OK
SoftDent,['OK'],Nome padr√£o,Softdent,OK
DILUZ,['Tudo mai√∫sculo'],Cont√©m siglas,DILUZ,Tudo mai√∫sculo
PST.AG,['Tudo mai√∫sculo'],Com sufixo corporativo,PST,Tudo mai√∫sculo
HLB International,['OK'],Cont√©m siglas,HLB International,OK
Foundry,['OK'],Nome padr√£o,Foundry,OK
yechte,['Tudo min√∫sculo'],Nome padr√£o,Yechte,OK
yechte,['Tudo min√∫sculo'],Nome padr√£o,Yechte,OK
iObeya,['OK'],Nome padr√£o,Iobeya,OK
iObeya,['OK'],Nome padr√£o,Iobeya,OK
Astara Western Europe,['OK'],Nome padr√£o,Astara Western Europe,OK
Institute of Cosmos Sciences (ICCUB),['OK'],Cont√©m siglas,Institute Ofsmos Sciences ICCUB,OK
Fischer Information Technology AG,['OK'],Com sufixo corporativo,Fischer Information Technology,OK
NORRIQ Financial Services,['OK'],Cont√©m siglas,NORRIQ Financial Services,OK
Lemongrass Consulting Ltd,['OK'],Com sufixo corporativo,Lemongrassnsulting,OK
Lemongrass Consulting Ltd,['OK'],Com sufixo corporativo,Lemongrassnsulting,OK
L√§kkerai,['OK'],Nome padr√£o,L√§kkerai,OK
ACCELERAID,['Tudo mai√∫sculo'],Cont√©m siglas,ACCELERAID,Tudo mai√∫sculo
1st solution consulting gmbh,"['Cont√©m n√∫meros', 'Tudo min√∫sculo']",Nome padr√£o,1St Solution Consulting Gmbh,Cont√©m n√∫meros
Eurofins Food Assurance,['OK'],Nome padr√£o,Eurofins Food Assurance,OK
T-Systems International,['OK'],Nome padr√£o,T-Systems International,OK
tridion digital solutions GmbH,['OK'],Com sufixo corporativo,Tridion Digital Solutions,OK
STUDIA,['Tudo mai√∫sculo'],Cont√©m siglas,STUDIA,Tudo mai√∫sculo
STUDIA,['Tudo mai√∫sculo'],Cont√©m siglas,STUDIA,Tudo mai√∫sculo
Serimag,['OK'],Nome padr√£o,Serimag,OK
Serimag,['OK'],Nome padr√£o,Serimag,OK
prodot - Software f√ºr Marktf√ºhrer,['OK'],Nome padr√£o,Prodot - Software F√ºr Marktf√ºhrer,OK
prodot - Software f√ºr Marktf√ºhrer,['OK'],Nome padr√£o,Prodot - Software F√ºr Marktf√ºhrer,OK
etracker GmbH,['OK'],Com sufixo corporativo,Etracker,OK
sales-i,['Tudo min√∫sculo'],Nome padr√£o,Sales-I,OK
TwinRed,['OK'],Nome padr√£o,Twinred,OK
TwinRed,['OK'],Nome padr√£o,Twinred,OK
TwinRed,['OK'],Nome padr√£o,Twinred,OK
TwinRed,['OK'],Nome padr√£o,Twinred,OK
financial.com,['Tudo min√∫sculo'],Nome padr√£o,FinancialCom,OK
Capably,['OK'],Nome padr√£o,Capably,OK
IGT,['Tudo mai√∫sculo'],Muito curto,IGT,Tudo mai√∫sculo
IGT,['Tudo mai√∫sculo'],Muito curto,IGT,Tudo mai√∫sculo
PrediSurge,['OK'],Nome padr√£o,Predisurge,OK
PrediSurge,['OK'],Nome padr√£o,Predisurge,OK
Implico Group,['OK'],Nome padr√£o,Implico Group,OK
DOCARET,['Tudo mai√∫sculo'],Cont√©m siglas,DOCARET,Tudo mai√∫sculo
Splyt,['OK'],Nome padr√£o,Splyt,OK
Splyt,['OK'],Nome padr√£o,Splyt,OK
MGS - Marque Group Solutions,['OK'],Cont√©m siglas,MGS - Marque Group Solutions,OK
Greyparrot,['OK'],Nome padr√£o,Greyparrot,OK
audimex GmbH,['OK'],Com sufixo corporativo,Audimex,OK
audimex GmbH,['OK'],Com sufixo corporativo,Audimex,OK
SYNAXON,['Tudo mai√∫sculo'],Cont√©m siglas,SYNAXON,Tudo mai√∫sculo
Yeme Tech,['OK'],Nome padr√£o,Yeme Tech,OK
Tungsten Network,['OK'],Nome padr√£o,Tungsten Network,OK
Saros Consulting,['OK'],Nome padr√£o,Sarosnsulting,OK
MODAMUSE,['Tudo mai√∫sculo'],Cont√©m siglas,MODAMUSE,Tudo mai√∫sculo
epruf s.a.,['Tudo min√∫sculo'],Nome padr√£o,Epruf SA,OK
Telemedicine Technologies,['OK'],Nome padr√£o,Telemedicine Technologies,OK
Alteia,['OK'],Nome padr√£o,Alteia,OK
INOVEPIC GmbH,['OK'],Com sufixo corporativo,INOVEPIC,Tudo mai√∫sculo
BeDisruptive,['OK'],Nome padr√£o,Bedisruptive,OK
inovex GmbH,['OK'],Com sufixo corporativo,Inovex,OK
Uniserv | Customer Data Experts,['Caracteres especiais'],Nome padr√£o,Uniserv Customer Data Experts,OK
AUCOTEC,['Tudo mai√∫sculo'],Cont√©m siglas,AUCOTEC,Tudo mai√∫sculo
Tebis Technische Informationssysteme AG,['OK'],Com sufixo corporativo,Tebis Technische Informationssysteme,OK
PeakAvenue GmbH,['OK'],Com sufixo corporativo,Peakavenue,OK
DOXENSE,['Tudo mai√∫sculo'],Cont√©m siglas,DOXENSE,Tudo mai√∫sculo
uqudo,['Tudo min√∫sculo'],Nome padr√£o,Uqudo,OK
ju:niz,"['Caracteres especiais', 'Tudo min√∫sculo']",Nome padr√£o,JuNiz,OK
SHAPEiN Solutions,['OK'],Nome padr√£o,Shapein Solutions,OK
WorkSimple GmbH,['OK'],Com sufixo corporativo,Worksimple,OK
eHealth-Connect GmbH,['OK'],Com sufixo corporativo,Ehealth-Connect,OK
Cybernetica,['OK'],Nome padr√£o,Cybernetica,OK
Rapyd,['OK'],Nome padr√£o,Rapyd,OK
dreamIT GmbH,['OK'],Com sufixo corporativo,Dreamit,OK
evosoft,['Tudo min√∫sculo'],Nome padr√£o,Evosoft,OK
RIB Software,['OK'],Cont√©m siglas,RIB Software,OK
RIB SAA Software Engineering GmbH,['OK'],Com sufixo corporativo,RIBA Software Engineering,OK
RIB SAA Software Engineering GmbH,['OK'],Com sufixo corporativo,RIBA Software Engineering,OK
Persei vivarium (digital health),['OK'],Nome padr√£o,Persei Vivarium Digital Health,OK
Index,['OK'],Nome padr√£o,Index,OK
Inetum,['OK'],Nome padr√£o,Inetum,OK
Recogizer,['OK'],Nome padr√£o,Recogizer,OK
ROBUR Industry Service Group GmbH,['OK'],Com sufixo corporativo,ROBUR Industry Service Group,OK
COD4IS,"['Cont√©m n√∫meros', 'Tudo mai√∫sculo']",Nome padr√£o,COD4IS,Tudo mai√∫sculo
FlexVPC S.L,['OK'],Nome padr√£o,Flexvpc SL,OK
EMB,['Tudo mai√∫sculo'],Muito curto,EMB,Tudo mai√∫sculo
FirstBaseIT Limited,['OK'],Nome padr√£o,Firstbaseit Limited,OK
TQ-Group,['OK'],Cont√©m siglas,Tq-Group,OK
ParentPay Ltd,['OK'],Com sufixo corporativo,Parentpay,OK
Vizor,['OK'],Nome padr√£o,Vizor,OK
Grupo Hostienda,['OK'],Nome padr√£o,Grupo Hostienda,OK
VAZY,['Tudo mai√∫sculo'],Muito curto,VAZY,Tudo mai√∫sculo
CWS Cleanrooms,['OK'],Cont√©m siglas,CWS Cleanrooms,OK
Index,['OK'],Nome padr√£o,Index,OK
Getform,['OK'],Nome padr√£o,Getform,OK
BrowserStack,['OK'],Nome padr√£o,Browserstack,OK
Lindera,['OK'],Nome padr√£o,Lindera,OK
Landytech,['OK'],Nome padr√£o,Landytech,OK
Mercedes-Benz.io,['OK'],Nome padr√£o,Mercedes-BenzIo,OK
Mercedes-Benz.io,['OK'],Nome padr√£o,Mercedes-BenzIo,OK
Coadjute,['OK'],Nome padr√£o,Coadjute,OK
"Quadralia, S.L.",['OK'],Nome padr√£o,Quadralia SL,OK
Pure Data Centres Group,['OK'],Nome padr√£o,Pure Data Centres Group,OK
Axiodis,['OK'],Nome padr√£o,Axiodis,OK
Op√©rationnelle,['OK'],Nome padr√£o,Op√©rationnelle,OK
OctopusMind,['OK'],Nome padr√£o,Octopusmind,OK
Gireve,['OK'],Nome padr√£o,Gireve,OK
Ableton,['OK'],Nome padr√£o,Ableton,OK
mySHOEFITTER GmbH,['OK'],Com sufixo corporativo,Myshoefitter,OK
Agenda Informationssysteme GmbH & Co. KG,['OK'],Com sufixo corporativo,Agenda Informationssysteme & Kg,OK
Agenda Informationssysteme GmbH & Co. KG,['OK'],Com sufixo corporativo,Agenda Informationssysteme & Kg,OK
TOPMOTIVE,['Tudo mai√∫sculo'],Cont√©m siglas,TOPMOTIVE,Tudo mai√∫sculo
moneymeets GmbH,['OK'],Com sufixo corporativo,Moneymeets,OK
PolyAI,['OK'],Nome padr√£o,Polyai,OK
CoMind,['OK'],Nome padr√£o,Comind,OK
Swile,['OK'],Nome padr√£o,Swile,OK
Swile,['OK'],Nome padr√£o,Swile,OK
Bosch,['OK'],Nome padr√£o,Bosch,OK
Seers,['OK'],Nome padr√£o,Seers,OK
Crezco,['OK'],Nome padr√£o,Crezco,OK
Andros Deutschland GmbH,['OK'],Com sufixo corporativo,Andros Deutschland,OK
HYCOM S.A.,['Tudo mai√∫sculo'],Cont√©m siglas,HYCOM SA,Tudo mai√∫sculo
Telecomputer GmbH,['OK'],Com sufixo corporativo,Telecomputer,OK
Smieten,['OK'],Nome padr√£o,Smieten,OK
ISR Information Products AG,['OK'],Com sufixo corporativo,ISR Information Products,OK
Avantra,['OK'],Nome padr√£o,Avantra,OK
auticon GmbH,['OK'],Com sufixo corporativo,Auticon,OK
Ailleron,['OK'],Nome padr√£o,Ailleron,OK
Wylog,['OK'],Nome padr√£o,Wylog,OK
Wylog,['OK'],Nome padr√£o,Wylog,OK
DiRoots,['OK'],Nome padr√£o,Diroots,OK
"BCS, The Chartered Institute for IT",['OK'],Cont√©m siglas,BCS The Chartered Institute For It,OK
"BCS, The Chartered Institute for IT",['OK'],Cont√©m siglas,BCS The Chartered Institute For It,OK
Opus 2,['Cont√©m n√∫meros'],Nome padr√£o,Opus 2,Cont√©m n√∫meros
BusinessDataPartners,['OK'],Nome padr√£o,Businessdatapartners,OK
United Carlton Office Sytems Ltd,['OK'],Com sufixo corporativo,United Carlton Office Sytems,OK
Ten10 Group,['Cont√©m n√∫meros'],Nome padr√£o,Ten10 Group,Cont√©m n√∫meros
TASKING,['Tudo mai√∫sculo'],Cont√©m siglas,TASKING,Tudo mai√∫sculo
21C.digital | 21st Century Digital Teaching,"['Cont√©m n√∫meros', 'Caracteres especiais']",Nome padr√£o,21CDigital 21St Century Digital Teaching,Cont√©m n√∫meros
Logicalis UK,['OK'],Cont√©m siglas,Logicalis Uk,OK
Far-Galaxy Networks,['OK'],Nome padr√£o,Far-Galaxy Networks,OK
PAYG CTO,['Tudo mai√∫sculo'],Cont√©m siglas,PAYG CTO,Tudo mai√∫sculo
PAYG CTO,['Tudo mai√∫sculo'],Cont√©m siglas,PAYG CTO,Tudo mai√∫sculo
PAYG CTO,['Tudo mai√∫sculo'],Cont√©m siglas,PAYG CTO,Tudo mai√∫sculo
Trafi,['OK'],Nome padr√£o,Trafi,OK
GetResponse,['OK'],Nome padr√£o,Getresponse,OK
GetResponse,['OK'],Nome padr√£o,Getresponse,OK
GetResponse,['OK'],Nome padr√£o,Getresponse,OK
ICM University of Warsaw,['OK'],Cont√©m siglas,ICM University Of Warsaw,OK
ICM University of Warsaw,['OK'],Cont√©m siglas,ICM University Of Warsaw,OK
ICM Warsaw University,['OK'],Cont√©m siglas,ICM Warsaw University,OK
Revolution Viewing,['OK'],Nome padr√£o,Revolution Viewing,OK
YouOn - online technologies,['OK'],Nome padr√£o,Youon - Online Technologies,OK
Ostirion,['OK'],Nome padr√£o,Ostirion,OK
Intervia Information Technologies S.L.,['OK'],Nome padr√£o,Intervia Information Technologies SL,OK
Level27,['Cont√©m n√∫meros'],Nome padr√£o,Level27,Cont√©m n√∫meros
IMS MAXIMS,['Tudo mai√∫sculo'],Cont√©m siglas,IMS MAXIMS,Tudo mai√∫sculo
KIO Networks Espa√±a,['OK'],Cont√©m siglas,KIO Networks Espa√±a,OK
GRUPO SPEC,['Tudo mai√∫sculo'],Cont√©m siglas,GRUPO SPEC,Tudo mai√∫sculo
Math2Market GmbH,['Cont√©m n√∫meros'],Com sufixo corporativo,Math2Market,Cont√©m n√∫meros
Filedoc Software,['OK'],Nome padr√£o,Filedoc Software,OK
Acuvate,['OK'],Nome padr√£o,Acuvate,OK
Amelco UK Limited,['OK'],Cont√©m siglas,Amelco Uk Limited,OK
Wandelbots,['OK'],Nome padr√£o,Wandelbots,OK
Livespace - Sell Smarter,['OK'],Nome padr√£o,Livespace - Sell Smarter,OK
Garaje de ideas,['OK'],Nome padr√£o,Garaje De Ideas,OK
NC-Vision,['OK'],Cont√©m siglas,Nc-Vision,OK
tech11 GmbH,['Cont√©m n√∫meros'],Com sufixo corporativo,Tech11,Cont√©m n√∫meros
Congree Language Technologies GmbH,['OK'],Com sufixo corporativo,Congree Language Technologies,OK
TopOneCRM,['OK'],Nome padr√£o,Toponecrm,OK
Eyesynth,['OK'],Nome padr√£o,Eyesynth,OK
Silae,['OK'],Nome padr√£o,Silae,OK
audEERING GmbH,['OK'],Com sufixo corporativo,Audeering,OK
audEERING GmbH,['OK'],Com sufixo corporativo,Audeering,OK
The Platform Group AG,['OK'],Com sufixo corporativo,The Platform Group,OK
Mobeelity,['OK'],Nome padr√£o,Mobeelity,OK
MONSIEUR FRANCOIS ROSTKER,['Tudo mai√∫sculo'],Cont√©m siglas,MONSIEUR FRANCOIS ROSTKER,Tudo mai√∫sculo
sematicon AG,['OK'],Com sufixo corporativo,Sematicon,OK
re/switch GmbH,['Caracteres especiais'],Com sufixo corporativo,ReSwitch,OK
MYM,['Tudo mai√∫sculo'],Muito curto,MYM,Tudo mai√∫sculo
m3connect,"['Cont√©m n√∫meros', 'Tudo min√∫sculo']",Nome padr√£o,M3Connect,Cont√©m n√∫meros
Features Analytics,['OK'],Nome padr√£o,Features Analytics,OK
incadea GmbH,['OK'],Com sufixo corporativo,Incadea,OK
VEEUZE GmbH,['OK'],Com sufixo corporativo,VEEUZE,Tudo mai√∫sculo
yoummday,['Tudo min√∫sculo'],Nome padr√£o,Yoummday,OK
Flipdish,['OK'],Nome padr√£o,Flipdish,OK
Flipdish,['OK'],Nome padr√£o,Flipdish,OK
Helsing,['OK'],Nome padr√£o,Helsing,OK
Averbis GmbH,['OK'],Com sufixo corporativo,Averbis,OK
STX Next,['OK'],Cont√©m siglas,STX Next,OK
BMJ,['Tudo mai√∫sculo'],Muito curto,BMJ,Tudo mai√∫sculo
BMJ Group,['OK'],Cont√©m siglas,BMJ Group,OK
Findmypast,['OK'],Nome padr√£o,Findmypast,OK
The Point Company,['OK'],Nome padr√£o,The Pointmpany,OK
GovData Ltd,['OK'],Com sufixo corporativo,GovData,OK
Medisoft Limited,['OK'],Nome padr√£o,Medisoft Limited,OK
ponturo consulting AG,['OK'],Com sufixo corporativo,Ponturo Consulting,OK
The Information Lab Deutschland,['OK'],Nome padr√£o,The Information Lab Deutschland,OK
JACOB,['Tudo mai√∫sculo'],Cont√©m siglas,JACOB,Tudo mai√∫sculo
CEDREO,['Tudo mai√∫sculo'],Cont√©m siglas,CEDREO,Tudo mai√∫sculo
Registr≈≥ centras,['OK'],Nome padr√£o,Registr≈≥ Centras,OK
Registr≈≥ centras,['OK'],Nome padr√£o,Registr≈≥ Centras,OK
Eur√©cia,['OK'],Nome padr√£o,Eur√©cia,OK
Wisecare,['OK'],Nome padr√£o,Wisecare,OK
"Wondercom, Project Management and Telecommunications",['OK'],Nome padr√£o,Wondercom Project Management And Telecommunications,OK
SAP,['Tudo mai√∫sculo'],Com sufixo corporativo,SAP,Tudo mai√∫sculo
MiTSoftware.com,['OK'],Nome padr√£o,MitsoftwareCom,OK
TraSo GmbH,['OK'],Com sufixo corporativo,Traso,OK
Coheris,['OK'],Nome padr√£o,Coheris,OK
Open Destinations,['OK'],Nome padr√£o,Open Destinations,OK
novoville,['Tudo min√∫sculo'],Nome padr√£o,Novoville,OK
YouView TV Limited,['OK'],Cont√©m siglas,Youview Tv Limited,OK
Vega,['OK'],Muito curto,Vega,OK
Codility,['OK'],Nome padr√£o,Codility,OK
OPTANO GmbH,['OK'],Com sufixo corporativo,OPTANO,Tudo mai√∫sculo
OChK,['OK'],Muito curto,Ochk,OK
SpyroSoft,['OK'],Nome padr√£o,Spyrosoft,OK
SpyroSoft,['OK'],Nome padr√£o,Spyrosoft,OK
techUK,['OK'],Nome padr√£o,Techuk,OK
Frequentis Comsoft GmbH,['OK'],Com sufixo corporativo,Frequentismsoft,OK
imbus,['Tudo min√∫sculo'],Nome padr√£o,Imbus,OK
Oodrive,['OK'],Nome padr√£o,Oodrive,OK
Oodrive,['OK'],Nome padr√£o,Oodrive,OK
fctb. GmbH,['OK'],Com sufixo corporativo,Fctb,OK
Adalberto Textile Solutions,['OK'],Nome padr√£o,Adalberto Textile Solutions,OK
Indico Capital Partners,['OK'],Nome padr√£o,Indico Capital Partners,OK
iOn live,['OK'],Nome padr√£o,Ion Live,OK
iOn live,['OK'],Nome padr√£o,Ion Live,OK
Sportion,['OK'],Nome padr√£o,Sportion,OK
Critical Manufacturing,['OK'],Nome padr√£o,Critical Manufacturing,OK
Noesis,['OK'],Nome padr√£o,Noesis,OK
N Brown Group,['OK'],Nome padr√£o,N Brown Group,OK
Madgrowth,['OK'],Nome padr√£o,Madgrowth,OK
Favorite People,['OK'],Nome padr√£o,Favorite People,OK
Frulact,['OK'],Nome padr√£o,Frulact,OK
Sodecia,['OK'],Nome padr√£o,Sodecia,OK
Olisipo,['OK'],Nome padr√£o,Olisipo,OK
Powerdot,['OK'],Nome padr√£o,Powerdot,OK
Infraestruturas de Portugal,['OK'],Nome padr√£o,Infraestruturas De Portugal,OK
tekya.io,['Tudo min√∫sculo'],Nome padr√£o,TekyaIo,OK
DataSmart Lda,['OK'],Nome padr√£o,Datasmart,OK
Officetotal Food Brands,['OK'],Nome padr√£o,Officetotal Food Brands,OK
Salsa Jeans,['OK'],Nome padr√£o,Salsa Jeans,OK
SPM - Sociedade das Pedreiras do Marco,['OK'],Cont√©m siglas,SPM - Sociedade Das Pedreiras Do Marco,OK
Indie Campers,['OK'],Nome padr√£o,Indie Campers,OK
FLAMA S.A.,['Tudo mai√∫sculo'],Cont√©m siglas,FLAMA SA,Tudo mai√∫sculo
FLAMA S.A.,['Tudo mai√∫sculo'],Cont√©m siglas,FLAMA SA,Tudo mai√∫sculo
Flama S.A.,['OK'],Nome padr√£o,Flama SA,OK
FLAMA S.A.,['Tudo mai√∫sculo'],Cont√©m siglas,FLAMA SA,Tudo mai√∫sculo
"Saber Sa√∫de - Ensino, Forma√ß√£o e Servi√ßos, Lda.",['OK'],Nome padr√£o,Saber Sa√∫de - Ensino Forma√ß√£o E Servi√ßos,OK
Cliwise,['OK'],Nome padr√£o,Cliwise,OK
Wiseverge,['OK'],Nome padr√£o,Wiseverge,OK
SPAR Portugal,['OK'],Cont√©m siglas,SPAR Portugal,OK
Whymob,['OK'],Nome padr√£o,Whymob,OK
PLEXUS - Integra√ß√£o de Sistemas,['OK'],Cont√©m siglas,PLEXUS - Integra√ß√£o De Sistemas,OK
id¬∑waste,"['Caracteres especiais', 'Tudo min√∫sculo']",Nome padr√£o,IdWaste,OK
Redarbor,['OK'],Nome padr√£o,Redarbor,OK
Astara Western Europe,['OK'],Nome padr√£o,Astara Western Europe,OK
I-Sistem S.L.,['OK'],Nome padr√£o,I-Sistem SL,OK
Clicars,['OK'],Nome padr√£o,Clicars,OK
Clicars,['OK'],Nome padr√£o,Clicars,OK
PromoFarma by DocMorris,['OK'],Nome padr√£o,Promofarma By Docmorris,OK
Mundimoto Group,['OK'],Nome padr√£o,Mundimoto Group,OK
Softonic,['OK'],Nome padr√£o,Softonic,OK
Softonic,['OK'],Nome padr√£o,Softonic,OK
Softonic,['OK'],Nome padr√£o,Softonic,OK
"acens, Part of Telef√≥nica Tech",['OK'],Nome padr√£o,Acens Part Of Telef√≥nica Tech,OK
MundiMoto Group,['OK'],Nome padr√£o,Mundimoto Group,OK
astara,['Tudo min√∫sculo'],Nome padr√£o,Astara,OK
Astara,['OK'],Nome padr√£o,Astara,OK
"acens, Part of Telef√≥nica Tech",['OK'],Nome padr√£o,Acens Part Of Telef√≥nica Tech,OK
Arsys,['OK'],Nome padr√£o,Arsys,OK
Astara,['OK'],Nome padr√£o,Astara,OK
astara,['Tudo min√∫sculo'],Nome padr√£o,Astara,OK
Techpump,['OK'],Nome padr√£o,Techpump,OK
Astara,['OK'],Nome padr√£o,Astara,OK
Astara,['OK'],Nome padr√£o,Astara,OK
ADVANCED PROGRAMMING SOLUTIONS SL (APSL),['Tudo mai√∫sculo'],Com sufixo corporativo,ADVANCED PROGRAMMING SOLUTIONS APSL,Tudo mai√∫sculo
Total Publishing Network,['OK'],Nome padr√£o,Total Publishing Network,OK
Realnaut,['OK'],Nome padr√£o,Realnaut,OK
ALUXION,['Tudo mai√∫sculo'],Cont√©m siglas,ALUXION,Tudo mai√∫sculo
The Mind Hub Company,['OK'],Nome padr√£o,The Mind Hubmpany,OK
apsl.tech,['Tudo min√∫sculo'],Nome padr√£o,ApslTech,OK
Astara,['OK'],Nome padr√£o,Astara,OK
HBX Group,['OK'],Cont√©m siglas,HBX Group,OK
Business Go,['OK'],Nome padr√£o,Business Go,OK
Softonic,['OK'],Nome padr√£o,Softonic,OK
Softonic,['OK'],Nome padr√£o,Softonic,OK
Astara,['OK'],Nome padr√£o,Astara,OK
Astara,['OK'],Nome padr√£o,Astara,OK
Astara,['OK'],Nome padr√£o,Astara,OK
Astara,['OK'],Nome padr√£o,Astara,OK
Dentaltix,['OK'],Nome padr√£o,Dentaltix,OK
Dentaltix,['OK'],Nome padr√£o,Dentaltix,OK
Clouding.io,['OK'],Nome padr√£o,CloudingIo,OK
Arsys,['OK'],Nome padr√£o,Arsys,OK
HBX Group,['OK'],Cont√©m siglas,HBX Group,OK
TalentFY,['OK'],Nome padr√£o,Talentfy,OK
AEROX,['Tudo mai√∫sculo'],Cont√©m siglas,AEROX,Tudo mai√∫sculo
ROIBACK,['Tudo mai√∫sculo'],Cont√©m siglas,ROIBACK,Tudo mai√∫sculo
PromoFarma.com,['OK'],Nome padr√£o,PromofarmaCom,OK
Brandtrack,['OK'],Nome padr√£o,Brandtrack,OK
"acens, Part of Telef√≥nica Tech",['OK'],Nome padr√£o,Acens Part Of Telef√≥nica Tech,OK
Telecoming,['OK'],Nome padr√£o,Telecoming,OK
TELECOMING,['Tudo mai√∫sculo'],Cont√©m siglas,TELECOMING,Tudo mai√∫sculo
Telecoming,['OK'],Nome padr√£o,Telecoming,OK
The Telecoming Group,['OK'],Nome padr√£o,The Telecoming Group,OK
Roiback,['OK'],Nome padr√£o,Roiback,OK
Roiback,['OK'],Nome padr√£o,Roiback,OK
GALVIN TECNOLOGICA SL,['Tudo mai√∫sculo'],Com sufixo corporativo,GALVIN TECNOLOGICA,Tudo mai√∫sculo
Interactiv4,['Cont√©m n√∫meros'],Nome padr√£o,Interactiv4,Cont√©m n√∫meros
CrowdFarming,['OK'],Nome padr√£o,Crowdfarming,OK
HBX Group,['OK'],Cont√©m siglas,HBX Group,OK
W-a-D Lab,['OK'],Nome padr√£o,W-A-D Lab,OK
Indigo+Marketing,['Caracteres especiais'],Nome padr√£o,IndigoMarketing,OK
Mercado Eletr√¥nico Portugal,['OK'],Nome padr√£o,Mercado Eletr√¥nico Portugal,OK
Mercado Eletr√¥nico Portugal,['OK'],Nome padr√£o,Mercado Eletr√¥nico Portugal,OK
WalliM.,['OK'],Nome padr√£o,Wallim,OK
Servicios Electr√≥nicos Globales -Oficial,['OK'],Nome padr√£o,Servicios Electr√≥nicos Globales -Oficial,OK
Servicios Electr√≥nicos Globales -Oficial,['OK'],Nome padr√£o,Servicios Electr√≥nicos Globales -Oficial,OK
"ITerp - Tecnologias de Informa√ß√£o, Lda",['OK'],Nome padr√£o,Iterp - Tecnologias De Informa√ß√£o,OK
"ITerp - Tecnologias de Informa√ß√£o, Lda",['OK'],Nome padr√£o,Iterp - Tecnologias De Informa√ß√£o,OK
,['Vazio'],Vazio,N√£o Informado,Inv√°lido
Xpand IT,['OK'],Cont√©m siglas,Xpand It,OK
Eidosmedia,['OK'],Nome padr√£o,Eidosmedia,OK
Landing.Jobs,['OK'],Nome padr√£o,LandingJobs,OK
"Servicios Electronicos Globales, S.A. de C.V.",['OK'],Nome padr√£o,Servicios Electronicos Globales SA De CV,OK
Latitudes & longitudes Lda.,['OK'],Nome padr√£o,Latitudes & Longitudes,OK
4helpit,"['Cont√©m n√∫meros', 'Tudo min√∫sculo']",Nome padr√£o,4Helpit,Cont√©m n√∫meros
LNEC,['Tudo mai√∫sculo'],Muito curto,LNEC,Tudo mai√∫sculo
Endless Tech,['OK'],Nome padr√£o,Endless Tech,OK
ZENN - web solutions,['OK'],Cont√©m siglas,ZENN - Web Solutions,OK
MR Inform√°tica,['OK'],Cont√©m siglas,Mr Inform√°tica,OK
"Servicios Electronicos Globales, S.A. de C.V.",['OK'],Nome padr√£o,Servicios Electronicos Globales SA De CV,OK
Military University Institute (IUM),['OK'],Cont√©m siglas,Military University Institute IUM,OK
Webcomum,['OK'],Nome padr√£o,Webcomum,OK
Streambow,['OK'],Nome padr√£o,Streambow,OK
Thought Creator,['OK'],Nome padr√£o,Thought Creator,OK
"SOFTAG, S.A.",['Tudo mai√∫sculo'],Com sufixo corporativo,SOFTAG SA,Tudo mai√∫sculo
Domot,['OK'],Nome padr√£o,Domot,OK
Unidade FCCN,['OK'],Cont√©m siglas,Unidade FCCN,OK
Unidade FCCN,['OK'],Cont√©m siglas,Unidade FCCN,OK
FCT | FCCN,"['Caracteres especiais', 'Tudo mai√∫sculo']",Cont√©m siglas,FCT FCCN,Tudo mai√∫sculo
Global Blue Portugal,['OK'],Nome padr√£o,Global Blue Portugal,OK
FCCN,['Tudo mai√∫sculo'],Muito curto,FCCN,Tudo mai√∫sculo
MobiLab Solutions,['OK'],Nome padr√£o,Mobilab Solutions,OK
Lavaimagem - Web & Brands Agency,['OK'],Nome padr√£o,Lavaimagem - Web & Brands Agency,OK
Lavaimagem - Web & Brands Agency,['OK'],Nome padr√£o,Lavaimagem - Web & Brands Agency,OK
"TechFrame, SA",['OK'],Com sufixo corporativo,Techframe,OK
Lazer Telecom,['OK'],Nome padr√£o,Lazer Telecom,OK
ADEGAM√ÉE,['Tudo mai√∫sculo'],Nome padr√£o,ADEGAM√ÉE,Tudo mai√∫sculo
Arroba Digital,['OK'],Nome padr√£o,Arroba Digital,OK
"Beltr√£o Coelho, Lda.",['OK'],Nome padr√£o,Beltr√£oelho,OK
O Alfaiate do Algoritmo - Web Consulting Unip. Lda,['OK'],Nome padr√£o,O Alfaiate Do Algoritmo - Webnsulting Unip,OK
