Setor da empresa,Categoria_Setor,Setor_empresa_padronizado,Categoria_Setor_Padronizada
Computer Games,Outros,Jogos Eletrônicos,Outros
Computer Software,Tecnologia & TI,Software,Tecnologia & TI
Computer Software,Tecnologia & TI,Software,Tecnologia & TI
Computer Software,Tecnologia & TI,Software,Tecnologia & TI
Computer Software,Tecnologia & TI,Software,Tecnologia & TI
Information Technology & Services,Tecnologia & TI,Tecnologia Da Informação & Serviços,Tecnologia & TI
Information Technology & Services,Tecnologia & TI,Tecnologia Da Informação & Serviços,Tecnologia & TI
Information Technology & Services,Tecnologia & TI,Tecnologia Da Informação & Serviços,Tecnologia & TI
Information Technology & Services,Tecnologia & TI,Tecnologia Da Informação & Serviços,Tecnologia & TI
Information Technology & Services,Tecnologia & TI,Tecnologia Da Informação & Serviços,Tecnologia & TI
Information Technology & Services,Tecnologia & TI,Tecnologia Da Informação & Serviços,Tecnologia & TI
Information Technology & Services,Tecnologia & TI,Tecnologia Da Informação & Serviços,Tecnologia & TI
Computer Software,Tecnologia & TI,Software,Tecnologia & TI
Pharmaceuticals,Saúde & Farmacêutico,Farmacêutico,Saúde & Farmacêutico
Computer Software,Tecnologia & TI,Software,Tecnologia & TI
Computer Software,Tecnologia & TI,Software,Tecnologia & TI
Computer Software,Tecnologia & TI,Software,Tecnologia & TI
Information Technology & Services,Tecnologia & TI,Tecnologia Da Informação & Serviços,Tecnologia & TI
Management Consulting,Consultoria,Consultoria Em Gestão,Consultoria & Serviços
Information Technology & Services,Tecnologia & TI,Tecnologia Da Informação & Serviços,Tecnologia & TI
Information Technology & Services,Tecnologia & TI,Tecnologia Da Informação & Serviços,Tecnologia & TI
Biotechnology,Tecnologia & TI,Biotecnologia,Saúde & Farmacêutico
Information Technology & Services,Tecnologia & TI,Tecnologia Da Informação & Serviços,Tecnologia & TI
Computer Software,Tecnologia & TI,Software,Tecnologia & TI
Computer Software,Tecnologia & TI,Software,Tecnologia & TI
Computer Software,Tecnologia & TI,Software,Tecnologia & TI
Computer Software,Tecnologia & TI,Software,Tecnologia & TI
Information Technology & Services,Tecnologia & TI,Tecnologia Da Informação & Serviços,Tecnologia & TI
Information Technology & Services,Tecnologia & TI,Tecnologia Da Informação & Serviços,Tecnologia & TI
Information Technology & Services,Tecnologia & TI,Tecnologia Da Informação & Serviços,Tecnologia & TI
Information Technology & Services,Tecnologia & TI,Tecnologia Da Informação & Serviços,Tecnologia & TI
Information Technology & Services,Tecnologia & TI,Tecnologia Da Informação & Serviços,Tecnologia & TI
Information Technology & Services,Tecnologia & TI,Tecnologia Da Informação & Serviços,Tecnologia & TI
Information Technology & Services,Tecnologia & TI,Tecnologia Da Informação & Serviços,Tecnologia & TI
Computer Software,Tecnologia & TI,Software,Tecnologia & TI
Information Technology & Services,Tecnologia & TI,Tecnologia Da Informação & Serviços,Tecnologia & TI
Information Technology & Services,Tecnologia & TI,Tecnologia Da Informação & Serviços,Tecnologia & TI
Information Technology & Services,Tecnologia & TI,Tecnologia Da Informação & Serviços,Tecnologia & TI
Information Technology & Services,Tecnologia & TI,Tecnologia Da Informação & Serviços,Tecnologia & TI
Computer Software,Tecnologia & TI,Software,Tecnologia & TI
Computer Software,Tecnologia & TI,Software,Tecnologia & TI
Computer Software,Tecnologia & TI,Software,Tecnologia & TI
Computer Software,Tecnologia & TI,Software,Tecnologia & TI
Computer Software,Tecnologia & TI,Software,Tecnologia & TI
Computer Software,Tecnologia & TI,Software,Tecnologia & TI
Computer Software,Tecnologia & TI,Software,Tecnologia & TI
Computer Software,Tecnologia & TI,Software,Tecnologia & TI
Information Technology & Services,Tecnologia & TI,Tecnologia Da Informação & Serviços,Tecnologia & TI
Information Technology & Services,Tecnologia & TI,Tecnologia Da Informação & Serviços,Tecnologia & TI
Computer Software,Tecnologia & TI,Software,Tecnologia & TI
Computer Software,Tecnologia & TI,Software,Tecnologia & TI
Information Technology & Services,Tecnologia & TI,Tecnologia Da Informação & Serviços,Tecnologia & TI
Information Technology & Services,Tecnologia & TI,Tecnologia Da Informação & Serviços,Tecnologia & TI
Public Relations & Communications,Mídia & Marketing,Relações Públicas & Comunicação,Outros
Public Relations & Communications,Mídia & Marketing,Relações Públicas & Comunicação,Outros
Public Relations & Communications,Mídia & Marketing,Relações Públicas & Comunicação,Outros
Public Relations & Communications,Mídia & Marketing,Relações Públicas & Comunicação,Outros
Public Relations & Communications,Mídia & Marketing,Relações Públicas & Comunicação,Outros
Government Relations,Governo & ONGs,Relações Governamentais,Outros
Public Relations & Communications,Mídia & Marketing,Relações Públicas & Comunicação,Outros
Computer Software,Tecnologia & TI,Software,Tecnologia & TI
Computer Software,Tecnologia & TI,Software,Tecnologia & TI
Information Technology & Services,Tecnologia & TI,Tecnologia Da Informação & Serviços,Tecnologia & TI
Information Technology & Services,Tecnologia & TI,Tecnologia Da Informação & Serviços,Tecnologia & TI
Information Technology & Services,Tecnologia & TI,Tecnologia Da Informação & Serviços,Tecnologia & TI
Information Technology & Services,Tecnologia & TI,Tecnologia Da Informação & Serviços,Tecnologia & TI
Information Technology & Services,Tecnologia & TI,Tecnologia Da Informação & Serviços,Tecnologia & TI
Computer Software,Tecnologia & TI,Software,Tecnologia & TI
Computer Software,Tecnologia & TI,Software,Tecnologia & TI
Computer Software,Tecnologia & TI,Software,Tecnologia & TI
Internet,Tecnologia & TI,Internet & Serviços Online,Tecnologia & TI
Internet,Tecnologia & TI,Internet & Serviços Online,Tecnologia & TI
Computer Software,Tecnologia & TI,Software,Tecnologia & TI
Computer Software,Tecnologia & TI,Software,Tecnologia & TI
Computer Software,Tecnologia & TI,Software,Tecnologia & TI
Biotechnology,Tecnologia & TI,Biotecnologia,Saúde & Farmacêutico
Luxury Goods & Jewelry,Outros,Produtos De Luxo & Joalheria,Outros
Information Technology & Services,Tecnologia & TI,Tecnologia Da Informação & Serviços,Tecnologia & TI
Information Technology & Services,Tecnologia & TI,Tecnologia Da Informação & Serviços,Tecnologia & TI
Information Technology & Services,Tecnologia & TI,Tecnologia Da Informação & Serviços,Tecnologia & TI
Information Technology & Services,Tecnologia & TI,Tecnologia Da Informação & Serviços,Tecnologia & TI
Information Technology & Services,Tecnologia & TI,Tecnologia Da Informação & Serviços,Tecnologia & TI
Information Technology & Services,Tecnologia & TI,Tecnologia Da Informação & Serviços,Tecnologia & TI
Information Technology & Services,Tecnologia & TI,Tecnologia Da Informação & Serviços,Tecnologia & TI
Information Technology & Services,Tecnologia & TI,Tecnologia Da Informação & Serviços,Tecnologia & TI
Information Technology & Services,Tecnologia & TI,Tecnologia Da Informação & Serviços,Tecnologia & TI
Information Technology & Services,Tecnologia & TI,Tecnologia Da Informação & Serviços,Tecnologia & TI
Information Technology & Services,Tecnologia & TI,Tecnologia Da Informação & Serviços,Tecnologia & TI
Information Technology & Services,Tecnologia & TI,Tecnologia Da Informação & Serviços,Tecnologia & TI
Management Consulting,Consultoria,Consultoria Em Gestão,Consultoria & Serviços
Information Technology & Services,Tecnologia & TI,Tecnologia Da Informação & Serviços,Tecnologia & TI
Information Technology & Services,Tecnologia & TI,Tecnologia Da Informação & Serviços,Tecnologia & TI
Research,Educação & Pesquisa,Pesquisa,Educação & Pesquisa
Information Technology & Services,Tecnologia & TI,Tecnologia Da Informação & Serviços,Tecnologia & TI
Information Technology & Services,Tecnologia & TI,Tecnologia Da Informação & Serviços,Tecnologia & TI
Information Technology & Services,Tecnologia & TI,Tecnologia Da Informação & Serviços,Tecnologia & TI
Information Technology & Services,Tecnologia & TI,Tecnologia Da Informação & Serviços,Tecnologia & TI
Computer Software,Tecnologia & TI,Software,Tecnologia & TI
Computer Software,Tecnologia & TI,Software,Tecnologia & TI
Internet,Tecnologia & TI,Internet & Serviços Online,Tecnologia & TI
Management Consulting,Consultoria,Consultoria Em Gestão,Consultoria & Serviços
Computer Software,Tecnologia & TI,Software,Tecnologia & TI
Computer Software,Tecnologia & TI,Software,Tecnologia & TI
Computer Software,Tecnologia & TI,Software,Tecnologia & TI
Computer Software,Tecnologia & TI,Software,Tecnologia & TI
Computer Software,Tecnologia & TI,Software,Tecnologia & TI
Information Technology & Services,Tecnologia & TI,Tecnologia Da Informação & Serviços,Tecnologia & TI
Information Technology & Services,Tecnologia & TI,Tecnologia Da Informação & Serviços,Tecnologia & TI
Information Technology & Services,Tecnologia & TI,Tecnologia Da Informação & Serviços,Tecnologia & TI
Computer Software,Tecnologia & TI,Software,Tecnologia & TI
Computer Software,Tecnologia & TI,Software,Tecnologia & TI
Computer Software,Tecnologia & TI,Software,Tecnologia & TI
Information Technology & Services,Tecnologia & TI,Tecnologia Da Informação & Serviços,Tecnologia & TI
Computer Software,Tecnologia & TI,Software,Tecnologia & TI
Information Technology & Services,Tecnologia & TI,Tecnologia Da Informação & Serviços,Tecnologia & TI
Information Technology & Services,Tecnologia & TI,Tecnologia Da Informação & Serviços,Tecnologia & TI
Information Technology & Services,Tecnologia & TI,Tecnologia Da Informação & Serviços,Tecnologia & TI
Information Technology & Services,Tecnologia & TI,Tecnologia Da Informação & Serviços,Tecnologia & TI
Information Technology & Services,Tecnologia & TI,Tecnologia Da Informação & Serviços,Tecnologia & TI
Communications Equipment Manufacturing,Manufatura & Industrial,Equipamentos De Comunicação,Outros
Information Technology & Services,Tecnologia & TI,Tecnologia Da Informação & Serviços,Tecnologia & TI
Computer Software,Tecnologia & TI,Software,Tecnologia & TI
Computer Software,Tecnologia & TI,Software,Tecnologia & TI
Computer Software,Tecnologia & TI,Software,Tecnologia & TI
Information Technology & Services,Tecnologia & TI,Tecnologia Da Informação & Serviços,Tecnologia & TI
Information Technology & Services,Tecnologia & TI,Tecnologia Da Informação & Serviços,Tecnologia & TI
Computer Software,Tecnologia & TI,Software,Tecnologia & TI
Computer Software,Tecnologia & TI,Software,Tecnologia & TI
Computer Software,Tecnologia & TI,Software,Tecnologia & TI
Information Technology & Services,Tecnologia & TI,Tecnologia Da Informação & Serviços,Tecnologia & TI
Information Technology & Services,Tecnologia & TI,Tecnologia Da Informação & Serviços,Tecnologia & TI
Computer Software,Tecnologia & TI,Software,Tecnologia & TI
Computer Software,Tecnologia & TI,Software,Tecnologia & TI
Information Technology & Services,Tecnologia & TI,Tecnologia Da Informação & Serviços,Tecnologia & TI
Information Technology & Services,Tecnologia & TI,Tecnologia Da Informação & Serviços,Tecnologia & TI
Machinery,Outros,Maquinário,Outros
Information Technology & Services,Tecnologia & TI,Tecnologia Da Informação & Serviços,Tecnologia & TI
Information Technology & Services,Tecnologia & TI,Tecnologia Da Informação & Serviços,Tecnologia & TI
Computer Software,Tecnologia & TI,Software,Tecnologia & TI
Information Technology & Services,Tecnologia & TI,Tecnologia Da Informação & Serviços,Tecnologia & TI
Information Technology & Services,Tecnologia & TI,Tecnologia Da Informação & Serviços,Tecnologia & TI
Information Technology & Services,Tecnologia & TI,Tecnologia Da Informação & Serviços,Tecnologia & TI
Information Technology & Services,Tecnologia & TI,Tecnologia Da Informação & Serviços,Tecnologia & TI
Information Technology & Services,Tecnologia & TI,Tecnologia Da Informação & Serviços,Tecnologia & TI
Computer Software,Tecnologia & TI,Software,Tecnologia & TI
Information Technology & Services,Tecnologia & TI,Tecnologia Da Informação & Serviços,Tecnologia & TI
Information Technology & Services,Tecnologia & TI,Tecnologia Da Informação & Serviços,Tecnologia & TI
Computer Software,Tecnologia & TI,Software,Tecnologia & TI
Information Technology & Services,Tecnologia & TI,Tecnologia Da Informação & Serviços,Tecnologia & TI
Information Technology & Services,Tecnologia & TI,Tecnologia Da Informação & Serviços,Tecnologia & TI
Higher Education,Educação & Pesquisa,Ensino Superior,Outros
Computer Software,Tecnologia & TI,Software,Tecnologia & TI
Computer Software,Tecnologia & TI,Software,Tecnologia & TI
Computer Software,Tecnologia & TI,Software,Tecnologia & TI
Computer Software,Tecnologia & TI,Software,Tecnologia & TI
Computer Software,Tecnologia & TI,Software,Tecnologia & TI
Information Technology & Services,Tecnologia & TI,Tecnologia Da Informação & Serviços,Tecnologia & TI
Information Technology & Services,Tecnologia & TI,Tecnologia Da Informação & Serviços,Tecnologia & TI
Information Technology & Services,Tecnologia & TI,Tecnologia Da Informação & Serviços,Tecnologia & TI
Information Technology & Services,Tecnologia & TI,Tecnologia Da Informação & Serviços,Tecnologia & TI
Computer Software,Tecnologia & TI,Software,Tecnologia & TI
Information Technology & Services,Tecnologia & TI,Tecnologia Da Informação & Serviços,Tecnologia & TI
Internet,Tecnologia & TI,Internet & Serviços Online,Tecnologia & TI
Computer Software,Tecnologia & TI,Software,Tecnologia & TI
Mechanical Or Industrial Engineering,Manufatura & Industrial,Engenharia Industrial,Manufatura & Industrial
Information Technology & Services,Tecnologia & TI,Tecnologia Da Informação & Serviços,Tecnologia & TI
Information Technology & Services,Tecnologia & TI,Tecnologia Da Informação & Serviços,Tecnologia & TI
Information Technology & Services,Tecnologia & TI,Tecnologia Da Informação & Serviços,Tecnologia & TI
Electrical & Electronic Manufacturing,Manufatura & Industrial,Manufatura Eletrônica,Manufatura & Industrial
Information Technology & Services,Tecnologia & TI,Tecnologia Da Informação & Serviços,Tecnologia & TI
Information Technology & Services,Tecnologia & TI,Tecnologia Da Informação & Serviços,Tecnologia & TI
Environmental Services,Outros,Serviços Ambientais,Outros
Environmental Services,Outros,Serviços Ambientais,Outros
Computer Software,Tecnologia & TI,Software,Tecnologia & TI
Information Technology & Services,Tecnologia & TI,Tecnologia Da Informação & Serviços,Tecnologia & TI
Information Technology & Services,Tecnologia & TI,Tecnologia Da Informação & Serviços,Tecnologia & TI
Information Technology & Services,Tecnologia & TI,Tecnologia Da Informação & Serviços,Tecnologia & TI
Information Technology & Services,Tecnologia & TI,Tecnologia Da Informação & Serviços,Tecnologia & TI
Computer Software,Tecnologia & TI,Software,Tecnologia & TI
Cosmetics,Outros,Cosméticos,Outros
Information Technology & Services,Tecnologia & TI,Tecnologia Da Informação & Serviços,Tecnologia & TI
Computer Software,Tecnologia & TI,Software,Tecnologia & TI
Information Technology & Services,Tecnologia & TI,Tecnologia Da Informação & Serviços,Tecnologia & TI
Research,Educação & Pesquisa,Pesquisa,Educação & Pesquisa
Information Technology & Services,Tecnologia & TI,Tecnologia Da Informação & Serviços,Tecnologia & TI
Computer Software,Tecnologia & TI,Software,Tecnologia & TI
Computer Software,Tecnologia & TI,Software,Tecnologia & TI
Information Technology & Services,Tecnologia & TI,Tecnologia Da Informação & Serviços,Tecnologia & TI
Computer Software,Tecnologia & TI,Software,Tecnologia & TI
Computer Software,Tecnologia & TI,Software,Tecnologia & TI
Information Technology & Services,Tecnologia & TI,Tecnologia Da Informação & Serviços,Tecnologia & TI
Information Technology & Services,Tecnologia & TI,Tecnologia Da Informação & Serviços,Tecnologia & TI
Insurance,Serviços Financeiros,Seguros,Outros
Information Technology & Services,Tecnologia & TI,Tecnologia Da Informação & Serviços,Tecnologia & TI
Computer Software,Tecnologia & TI,Software,Tecnologia & TI
Computer Software,Tecnologia & TI,Software,Tecnologia & TI
Information Technology & Services,Tecnologia & TI,Tecnologia Da Informação & Serviços,Tecnologia & TI
Information Technology & Services,Tecnologia & TI,Tecnologia Da Informação & Serviços,Tecnologia & TI
Information Technology & Services,Tecnologia & TI,Tecnologia Da Informação & Serviços,Tecnologia & TI
Information Technology & Services,Tecnologia & TI,Tecnologia Da Informação & Serviços,Tecnologia & TI
Information Technology & Services,Tecnologia & TI,Tecnologia Da Informação & Serviços,Tecnologia & TI
Information Technology & Services,Tecnologia & TI,Tecnologia Da Informação & Serviços,Tecnologia & TI
Information Technology & Services,Tecnologia & TI,Tecnologia Da Informação & Serviços,Tecnologia & TI
Computer Software,Tecnologia & TI,Software,Tecnologia & TI
Information Technology & Services,Tecnologia & TI,Tecnologia Da Informação & Serviços,Tecnologia & TI
Information Technology & Services,Tecnologia & TI,Tecnologia Da Informação & Serviços,Tecnologia & TI
Computer Software,Tecnologia & TI,Software,Tecnologia & TI
Computer Software,Tecnologia & TI,Software,Tecnologia & TI
Computer Software,Tecnologia & TI,Software,Tecnologia & TI
Information Technology & Services,Tecnologia & TI,Tecnologia Da Informação & Serviços,Tecnologia & TI
Information Technology & Services,Tecnologia & TI,Tecnologia Da Informação & Serviços,Tecnologia & TI
Information Technology & Services,Tecnologia & TI,Tecnologia Da Informação & Serviços,Tecnologia & TI
Information Technology & Services,Tecnologia & TI,Tecnologia Da Informação & Serviços,Tecnologia & TI
Information Technology & Services,Tecnologia & TI,Tecnologia Da Informação & Serviços,Tecnologia & TI
Information Technology & Services,Tecnologia & TI,Tecnologia Da Informação & Serviços,Tecnologia & TI
Information Technology & Services,Tecnologia & TI,Tecnologia Da Informação & Serviços,Tecnologia & TI
Information Technology & Services,Tecnologia & TI,Tecnologia Da Informação & Serviços,Tecnologia & TI
Information Technology & Services,Tecnologia & TI,Tecnologia Da Informação & Serviços,Tecnologia & TI
Information Technology & Services,Tecnologia & TI,Tecnologia Da Informação & Serviços,Tecnologia & TI
Computer Software,Tecnologia & TI,Software,Tecnologia & TI
Computer Software,Tecnologia & TI,Software,Tecnologia & TI
Computer Software,Tecnologia & TI,Software,Tecnologia & TI
Computer Software,Tecnologia & TI,Software,Tecnologia & TI
Information Technology & Services,Tecnologia & TI,Tecnologia Da Informação & Serviços,Tecnologia & TI
Design,Outros,Design,Outros
Information Technology & Services,Tecnologia & TI,Tecnologia Da Informação & Serviços,Tecnologia & TI
Information Technology & Services,Tecnologia & TI,Tecnologia Da Informação & Serviços,Tecnologia & TI
Computer Software,Tecnologia & TI,Software,Tecnologia & TI
Information Technology & Services,Tecnologia & TI,Tecnologia Da Informação & Serviços,Tecnologia & TI
Internet,Tecnologia & TI,Internet & Serviços Online,Tecnologia & TI
Computer Software,Tecnologia & TI,Software,Tecnologia & TI
Computer Software,Tecnologia & TI,Software,Tecnologia & TI
Computer Software,Tecnologia & TI,Software,Tecnologia & TI
Information Technology & Services,Tecnologia & TI,Tecnologia Da Informação & Serviços,Tecnologia & TI
Information Technology & Services,Tecnologia & TI,Tecnologia Da Informação & Serviços,Tecnologia & TI
Information Technology & Services,Tecnologia & TI,Tecnologia Da Informação & Serviços,Tecnologia & TI
Information Technology & Services,Tecnologia & TI,Tecnologia Da Informação & Serviços,Tecnologia & TI
Information Technology & Services,Tecnologia & TI,Tecnologia Da Informação & Serviços,Tecnologia & TI
Computer Software,Tecnologia & TI,Software,Tecnologia & TI
Computer & Network Security,Outros,Segurança Da Informação,Tecnologia & TI
Internet,Tecnologia & TI,Internet & Serviços Online,Tecnologia & TI
Internet,Tecnologia & TI,Internet & Serviços Online,Tecnologia & TI
Computer Software,Tecnologia & TI,Software,Tecnologia & TI
Computer Software,Tecnologia & TI,Software,Tecnologia & TI
Information Technology & Services,Tecnologia & TI,Tecnologia Da Informação & Serviços,Tecnologia & TI
Information Technology & Services,Tecnologia & TI,Tecnologia Da Informação & Serviços,Tecnologia & TI
Information Technology & Services,Tecnologia & TI,Tecnologia Da Informação & Serviços,Tecnologia & TI
Information Technology & Services,Tecnologia & TI,Tecnologia Da Informação & Serviços,Tecnologia & TI
Computer Software,Tecnologia & TI,Software,Tecnologia & TI
Information Technology & Services,Tecnologia & TI,Tecnologia Da Informação & Serviços,Tecnologia & TI
Information Technology & Services,Tecnologia & TI,Tecnologia Da Informação & Serviços,Tecnologia & TI
Information Technology & Services,Tecnologia & TI,Tecnologia Da Informação & Serviços,Tecnologia & TI
Computer Software,Tecnologia & TI,Software,Tecnologia & TI
Information Technology & Services,Tecnologia & TI,Tecnologia Da Informação & Serviços,Tecnologia & TI
Computer Software,Tecnologia & TI,Software,Tecnologia & TI
Information Technology & Services,Tecnologia & TI,Tecnologia Da Informação & Serviços,Tecnologia & TI
Computer Software,Tecnologia & TI,Software,Tecnologia & TI
Computer Software,Tecnologia & TI,Software,Tecnologia & TI
Computer Software,Tecnologia & TI,Software,Tecnologia & TI
Information Technology & Services,Tecnologia & TI,Tecnologia Da Informação & Serviços,Tecnologia & TI
Computer Software,Tecnologia & TI,Software,Tecnologia & TI
Computer Software,Tecnologia & TI,Software,Tecnologia & TI
Information Technology & Services,Tecnologia & TI,Tecnologia Da Informação & Serviços,Tecnologia & TI
Information Technology & Services,Tecnologia & TI,Tecnologia Da Informação & Serviços,Tecnologia & TI
Information Technology & Services,Tecnologia & TI,Tecnologia Da Informação & Serviços,Tecnologia & TI
Information Technology & Services,Tecnologia & TI,Tecnologia Da Informação & Serviços,Tecnologia & TI
Information Technology & Services,Tecnologia & TI,Tecnologia Da Informação & Serviços,Tecnologia & TI
Computer Software,Tecnologia & TI,Software,Tecnologia & TI
Computer Software,Tecnologia & TI,Software,Tecnologia & TI
Restaurants,Outros,Restaurantes,Outros
Information Technology & Services,Tecnologia & TI,Tecnologia Da Informação & Serviços,Tecnologia & TI
Information Technology & Services,Tecnologia & TI,Tecnologia Da Informação & Serviços,Tecnologia & TI
Information Technology & Services,Tecnologia & TI,Tecnologia Da Informação & Serviços,Tecnologia & TI
Information Technology & Services,Tecnologia & TI,Tecnologia Da Informação & Serviços,Tecnologia & TI
Information Technology & Services,Tecnologia & TI,Tecnologia Da Informação & Serviços,Tecnologia & TI
Computer Software,Tecnologia & TI,Software,Tecnologia & TI
Computer Software,Tecnologia & TI,Software,Tecnologia & TI
Information Technology & Services,Tecnologia & TI,Tecnologia Da Informação & Serviços,Tecnologia & TI
Information Technology & Services,Tecnologia & TI,Tecnologia Da Informação & Serviços,Tecnologia & TI
Information Technology & Services,Tecnologia & TI,Tecnologia Da Informação & Serviços,Tecnologia & TI
Information Technology & Services,Tecnologia & TI,Tecnologia Da Informação & Serviços,Tecnologia & TI
Information Technology & Services,Tecnologia & TI,Tecnologia Da Informação & Serviços,Tecnologia & TI
Data Security Software Products,Tecnologia & TI,Segurança De Dados,Tecnologia & TI
Information Technology & Services,Tecnologia & TI,Tecnologia Da Informação & Serviços,Tecnologia & TI
Information Technology & Services,Tecnologia & TI,Tecnologia Da Informação & Serviços,Tecnologia & TI
Information Technology & Services,Tecnologia & TI,Tecnologia Da Informação & Serviços,Tecnologia & TI
Information Technology & Services,Tecnologia & TI,Tecnologia Da Informação & Serviços,Tecnologia & TI
Computer Software,Tecnologia & TI,Software,Tecnologia & TI
Information Technology & Services,Tecnologia & TI,Tecnologia Da Informação & Serviços,Tecnologia & TI
Information Technology & Services,Tecnologia & TI,Tecnologia Da Informação & Serviços,Tecnologia & TI
Computer Software,Tecnologia & TI,Software,Tecnologia & TI
Information Technology & Services,Tecnologia & TI,Tecnologia Da Informação & Serviços,Tecnologia & TI
Information Technology & Services,Tecnologia & TI,Tecnologia Da Informação & Serviços,Tecnologia & TI
Information Technology & Services,Tecnologia & TI,Tecnologia Da Informação & Serviços,Tecnologia & TI
Computer Software,Tecnologia & TI,Software,Tecnologia & TI
Computer Software,Tecnologia & TI,Software,Tecnologia & TI
Computer Software,Tecnologia & TI,Software,Tecnologia & TI
,Não Informado,,Não Informado
Computer Software,Tecnologia & TI,Software,Tecnologia & TI
Information Technology & Services,Tecnologia & TI,Tecnologia Da Informação & Serviços,Tecnologia & TI
Computer Software,Tecnologia & TI,Software,Tecnologia & TI
Computer Software,Tecnologia & TI,Software,Tecnologia & TI
Computer Software,Tecnologia & TI,Software,Tecnologia & TI
"Health, Wellness & Fitness",Outros,Saúde & Bem-Estar,Saúde & Farmacêutico
Information Technology & Services,Tecnologia & TI,Tecnologia Da Informação & Serviços,Tecnologia & TI
Information Technology & Services,Tecnologia & TI,Tecnologia Da Informação & Serviços,Tecnologia & TI
Information Technology & Services,Tecnologia & TI,Tecnologia Da Informação & Serviços,Tecnologia & TI
Computer Software,Tecnologia & TI,Software,Tecnologia & TI
Management Consulting,Consultoria,Consultoria Em Gestão,Consultoria & Serviços
Information Technology & Services,Tecnologia & TI,Tecnologia Da Informação & Serviços,Tecnologia & TI
Information Technology & Services,Tecnologia & TI,Tecnologia Da Informação & Serviços,Tecnologia & TI
Information Technology & Services,Tecnologia & TI,Tecnologia Da Informação & Serviços,Tecnologia & TI
Computer Software,Tecnologia & TI,Software,Tecnologia & TI
Information Technology & Services,Tecnologia & TI,Tecnologia Da Informação & Serviços,Tecnologia & TI
Computer Software,Tecnologia & TI,Software,Tecnologia & TI
Computer Software,Tecnologia & TI,Software,Tecnologia & TI
Information Technology & Services,Tecnologia & TI,Tecnologia Da Informação & Serviços,Tecnologia & TI
Computer Software,Tecnologia & TI,Software,Tecnologia & TI
Information Technology & Services,Tecnologia & TI,Tecnologia Da Informação & Serviços,Tecnologia & TI
Information Technology & Services,Tecnologia & TI,Tecnologia Da Informação & Serviços,Tecnologia & TI
Computer Software,Tecnologia & TI,Software,Tecnologia & TI
Information Technology & Services,Tecnologia & TI,Tecnologia Da Informação & Serviços,Tecnologia & TI
Computer Software,Tecnologia & TI,Software,Tecnologia & TI
Information Technology & Services,Tecnologia & TI,Tecnologia Da Informação & Serviços,Tecnologia & TI
Computer Software,Tecnologia & TI,Software,Tecnologia & TI
Information Technology & Services,Tecnologia & TI,Tecnologia Da Informação & Serviços,Tecnologia & TI
Information Technology & Services,Tecnologia & TI,Tecnologia Da Informação & Serviços,Tecnologia & TI
Computer Software,Tecnologia & TI,Software,Tecnologia & TI
Information Technology & Services,Tecnologia & TI,Tecnologia Da Informação & Serviços,Tecnologia & TI
Information Technology & Services,Tecnologia & TI,Tecnologia Da Informação & Serviços,Tecnologia & TI
Information Technology & Services,Tecnologia & TI,Tecnologia Da Informação & Serviços,Tecnologia & TI
Computer Software,Tecnologia & TI,Software,Tecnologia & TI
Computer Software,Tecnologia & TI,Software,Tecnologia & TI
Information Technology & Services,Tecnologia & TI,Tecnologia Da Informação & Serviços,Tecnologia & TI
Information Technology & Services,Tecnologia & TI,Tecnologia Da Informação & Serviços,Tecnologia & TI
Information Technology & Services,Tecnologia & TI,Tecnologia Da Informação & Serviços,Tecnologia & TI
Information Technology & Services,Tecnologia & TI,Tecnologia Da Informação & Serviços,Tecnologia & TI
Retail,Varejo & Consumo,Varejo,Varejo & Consumo
Retail,Varejo & Consumo,Varejo,Varejo & Consumo
Information Technology & Services,Tecnologia & TI,Tecnologia Da Informação & Serviços,Tecnologia & TI
Computer Software,Tecnologia & TI,Software,Tecnologia & TI
Information Technology & Services,Tecnologia & TI,Tecnologia Da Informação & Serviços,Tecnologia & TI
Information Technology & Services,Tecnologia & TI,Tecnologia Da Informação & Serviços,Tecnologia & TI
Information Technology & Services,Tecnologia & TI,Tecnologia Da Informação & Serviços,Tecnologia & TI
Internet,Tecnologia & TI,Internet & Serviços Online,Tecnologia & TI
Computer Software,Tecnologia & TI,Software,Tecnologia & TI
Information Technology & Services,Tecnologia & TI,Tecnologia Da Informação & Serviços,Tecnologia & TI
Information Technology & Services,Tecnologia & TI,Tecnologia Da Informação & Serviços,Tecnologia & TI
Computer Software,Tecnologia & TI,Software,Tecnologia & TI
Computer Software,Tecnologia & TI,Software,Tecnologia & TI
Information Technology & Services,Tecnologia & TI,Tecnologia Da Informação & Serviços,Tecnologia & TI
Industrial Automation,Manufatura & Industrial,Automação Industrial,Outros
Industrial Automation,Manufatura & Industrial,Automação Industrial,Outros
Industrial Automation,Manufatura & Industrial,Automação Industrial,Outros
Industrial Automation,Manufatura & Industrial,Automação Industrial,Outros
Information Technology & Services,Tecnologia & TI,Tecnologia Da Informação & Serviços,Tecnologia & TI
Information Technology & Services,Tecnologia & TI,Tecnologia Da Informação & Serviços,Tecnologia & TI
Information Technology & Services,Tecnologia & TI,Tecnologia Da Informação & Serviços,Tecnologia & TI
Computer Software,Tecnologia & TI,Software,Tecnologia & TI
Computer Software,Tecnologia & TI,Software,Tecnologia & TI
Computer Software,Tecnologia & TI,Software,Tecnologia & TI
Computer Software,Tecnologia & TI,Software,Tecnologia & TI
Computer Software,Tecnologia & TI,Software,Tecnologia & TI
Information Technology & Services,Tecnologia & TI,Tecnologia Da Informação & Serviços,Tecnologia & TI
Computer Software,Tecnologia & TI,Software,Tecnologia & TI
Computer Software,Tecnologia & TI,Software,Tecnologia & TI
Information Technology & Services,Tecnologia & TI,Tecnologia Da Informação & Serviços,Tecnologia & TI
Information Technology & Services,Tecnologia & TI,Tecnologia Da Informação & Serviços,Tecnologia & TI
Information Technology & Services,Tecnologia & TI,Tecnologia Da Informação & Serviços,Tecnologia & TI
Information Technology & Services,Tecnologia & TI,Tecnologia Da Informação & Serviços,Tecnologia & TI
Information Technology & Services,Tecnologia & TI,Tecnologia Da Informação & Serviços,Tecnologia & TI
,Não Informado,,Não Informado
Information Technology & Services,Tecnologia & TI,Tecnologia Da Informação & Serviços,Tecnologia & TI
Information Technology & Services,Tecnologia & TI,Tecnologia Da Informação & Serviços,Tecnologia & TI
Information Technology & Services,Tecnologia & TI,Tecnologia Da Informação & Serviços,Tecnologia & TI
Information Technology & Services,Tecnologia & TI,Tecnologia Da Informação & Serviços,Tecnologia & TI
Information Technology & Services,Tecnologia & TI,Tecnologia Da Informação & Serviços,Tecnologia & TI
Information Technology & Services,Tecnologia & TI,Tecnologia Da Informação & Serviços,Tecnologia & TI
Transportation/Trucking/Railroad,Outros,Transporte & Logística,Outros
Information Technology & Services,Tecnologia & TI,Tecnologia Da Informação & Serviços,Tecnologia & TI
Information Technology & Services,Tecnologia & TI,Tecnologia Da Informação & Serviços,Tecnologia & TI
Information Technology & Services,Tecnologia & TI,Tecnologia Da Informação & Serviços,Tecnologia & TI
Information Technology & Services,Tecnologia & TI,Tecnologia Da Informação & Serviços,Tecnologia & TI
Information Technology & Services,Tecnologia & TI,Tecnologia Da Informação & Serviços,Tecnologia & TI
Internet,Tecnologia & TI,Internet & Serviços Online,Tecnologia & TI
Computer Software,Tecnologia & TI,Software,Tecnologia & TI
Internet,Tecnologia & TI,Internet & Serviços Online,Tecnologia & TI
Computer Software,Tecnologia & TI,Software,Tecnologia & TI
Information Technology & Services,Tecnologia & TI,Tecnologia Da Informação & Serviços,Tecnologia & TI
Information Technology & Services,Tecnologia & TI,Tecnologia Da Informação & Serviços,Tecnologia & TI
Information Technology & Services,Tecnologia & TI,Tecnologia Da Informação & Serviços,Tecnologia & TI
Information Technology & Services,Tecnologia & TI,Tecnologia Da Informação & Serviços,Tecnologia & TI
Information Technology & Services,Tecnologia & TI,Tecnologia Da Informação & Serviços,Tecnologia & TI
Information Technology & Services,Tecnologia & TI,Tecnologia Da Informação & Serviços,Tecnologia & TI
Information Technology & Services,Tecnologia & TI,Tecnologia Da Informação & Serviços,Tecnologia & TI
Information Technology & Services,Tecnologia & TI,Tecnologia Da Informação & Serviços,Tecnologia & TI
Information Technology & Services,Tecnologia & TI,Tecnologia Da Informação & Serviços,Tecnologia & TI
Information Technology & Services,Tecnologia & TI,Tecnologia Da Informação & Serviços,Tecnologia & TI
Information Technology & Services,Tecnologia & TI,Tecnologia Da Informação & Serviços,Tecnologia & TI
Computer Software,Tecnologia & TI,Software,Tecnologia & TI
Computer Software,Tecnologia & TI,Software,Tecnologia & TI
Information Technology & Services,Tecnologia & TI,Tecnologia Da Informação & Serviços,Tecnologia & TI
Information Technology & Services,Tecnologia & TI,Tecnologia Da Informação & Serviços,Tecnologia & TI
Information Technology & Services,Tecnologia & TI,Tecnologia Da Informação & Serviços,Tecnologia & TI
Information Technology & Services,Tecnologia & TI,Tecnologia Da Informação & Serviços,Tecnologia & TI
Information Technology & Services,Tecnologia & TI,Tecnologia Da Informação & Serviços,Tecnologia & TI
Information Technology & Services,Tecnologia & TI,Tecnologia Da Informação & Serviços,Tecnologia & TI
Information Technology & Services,Tecnologia & TI,Tecnologia Da Informação & Serviços,Tecnologia & TI
Information Technology & Services,Tecnologia & TI,Tecnologia Da Informação & Serviços,Tecnologia & TI
Computer Software,Tecnologia & TI,Software,Tecnologia & TI
Information Technology & Services,Tecnologia & TI,Tecnologia Da Informação & Serviços,Tecnologia & TI
Computer Software,Tecnologia & TI,Software,Tecnologia & TI
Information Technology & Services,Tecnologia & TI,Tecnologia Da Informação & Serviços,Tecnologia & TI
Computer Software,Tecnologia & TI,Software,Tecnologia & TI
Information Technology & Services,Tecnologia & TI,Tecnologia Da Informação & Serviços,Tecnologia & TI
Hospital & Health Care,Saúde & Farmacêutico,Saúde & Hospitais,Saúde & Farmacêutico
Information Technology & Services,Tecnologia & TI,Tecnologia Da Informação & Serviços,Tecnologia & TI
Information Technology & Services,Tecnologia & TI,Tecnologia Da Informação & Serviços,Tecnologia & TI
Computer Software,Tecnologia & TI,Software,Tecnologia & TI
Computer Software,Tecnologia & TI,Software,Tecnologia & TI
Computer Software,Tecnologia & TI,Software,Tecnologia & TI
Computer Software,Tecnologia & TI,Software,Tecnologia & TI
Information Technology & Services,Tecnologia & TI,Tecnologia Da Informação & Serviços,Tecnologia & TI
Luxury Goods & Jewelry,Outros,Produtos De Luxo & Joalheria,Outros
Information Technology & Services,Tecnologia & TI,Tecnologia Da Informação & Serviços,Tecnologia & TI
Information Technology & Services,Tecnologia & TI,Tecnologia Da Informação & Serviços,Tecnologia & TI
Computer Software,Tecnologia & TI,Software,Tecnologia & TI
Information Technology & Services,Tecnologia & TI,Tecnologia Da Informação & Serviços,Tecnologia & TI
Retail,Varejo & Consumo,Varejo,Varejo & Consumo
Information Technology & Services,Tecnologia & TI,Tecnologia Da Informação & Serviços,Tecnologia & TI
Information Technology & Services,Tecnologia & TI,Tecnologia Da Informação & Serviços,Tecnologia & TI
Computer Software,Tecnologia & TI,Software,Tecnologia & TI
Information Technology & Services,Tecnologia & TI,Tecnologia Da Informação & Serviços,Tecnologia & TI
Computer Software,Tecnologia & TI,Software,Tecnologia & TI
Information Technology & Services,Tecnologia & TI,Tecnologia Da Informação & Serviços,Tecnologia & TI
Information Technology & Services,Tecnologia & TI,Tecnologia Da Informação & Serviços,Tecnologia & TI
Information Technology & Services,Tecnologia & TI,Tecnologia Da Informação & Serviços,Tecnologia & TI
Information Technology & Services,Tecnologia & TI,Tecnologia Da Informação & Serviços,Tecnologia & TI
Information Technology & Services,Tecnologia & TI,Tecnologia Da Informação & Serviços,Tecnologia & TI
Information Technology & Services,Tecnologia & TI,Tecnologia Da Informação & Serviços,Tecnologia & TI
Information Technology & Services,Tecnologia & TI,Tecnologia Da Informação & Serviços,Tecnologia & TI
Computer Software,Tecnologia & TI,Software,Tecnologia & TI
Computer Software,Tecnologia & TI,Software,Tecnologia & TI
Computer Software,Tecnologia & TI,Software,Tecnologia & TI
Computer Software,Tecnologia & TI,Software,Tecnologia & TI
Information Technology & Services,Tecnologia & TI,Tecnologia Da Informação & Serviços,Tecnologia & TI
Information Technology & Services,Tecnologia & TI,Tecnologia Da Informação & Serviços,Tecnologia & TI
Information Technology & Services,Tecnologia & TI,Tecnologia Da Informação & Serviços,Tecnologia & TI
Information Technology & Services,Tecnologia & TI,Tecnologia Da Informação & Serviços,Tecnologia & TI
Information Technology & Services,Tecnologia & TI,Tecnologia Da Informação & Serviços,Tecnologia & TI
Computer Software,Tecnologia & TI,Software,Tecnologia & TI
Information Technology & Services,Tecnologia & TI,Tecnologia Da Informação & Serviços,Tecnologia & TI
Information Technology & Services,Tecnologia & TI,Tecnologia Da Informação & Serviços,Tecnologia & TI
Information Technology & Services,Tecnologia & TI,Tecnologia Da Informação & Serviços,Tecnologia & TI
Information Technology & Services,Tecnologia & TI,Tecnologia Da Informação & Serviços,Tecnologia & TI
Computer Software,Tecnologia & TI,Software,Tecnologia & TI
Computer Software,Tecnologia & TI,Software,Tecnologia & TI
Computer Software,Tecnologia & TI,Software,Tecnologia & TI
Computer Software,Tecnologia & TI,Software,Tecnologia & TI
Computer Software,Tecnologia & TI,Software,Tecnologia & TI
Computer Software,Tecnologia & TI,Software,Tecnologia & TI
Computer Software,Tecnologia & TI,Software,Tecnologia & TI
Information Technology & Services,Tecnologia & TI,Tecnologia Da Informação & Serviços,Tecnologia & TI
Information Technology & Services,Tecnologia & TI,Tecnologia Da Informação & Serviços,Tecnologia & TI
Information Technology & Services,Tecnologia & TI,Tecnologia Da Informação & Serviços,Tecnologia & TI
Computer Software,Tecnologia & TI,Software,Tecnologia & TI
Information Technology & Services,Tecnologia & TI,Tecnologia Da Informação & Serviços,Tecnologia & TI
Information Technology & Services,Tecnologia & TI,Tecnologia Da Informação & Serviços,Tecnologia & TI
Computer Software,Tecnologia & TI,Software,Tecnologia & TI
Computer Software,Tecnologia & TI,Software,Tecnologia & TI
Computer Software,Tecnologia & TI,Software,Tecnologia & TI
,Não Informado,,Não Informado
Internet,Tecnologia & TI,Internet & Serviços Online,Tecnologia & TI
Information Technology & Services,Tecnologia & TI,Tecnologia Da Informação & Serviços,Tecnologia & TI
Information Technology & Services,Tecnologia & TI,Tecnologia Da Informação & Serviços,Tecnologia & TI
Computer Software,Tecnologia & TI,Software,Tecnologia & TI
Computer Software,Tecnologia & TI,Software,Tecnologia & TI
Information Technology & Services,Tecnologia & TI,Tecnologia Da Informação & Serviços,Tecnologia & TI
Computer Software,Tecnologia & TI,Software,Tecnologia & TI
Computer Software,Tecnologia & TI,Software,Tecnologia & TI
Information Technology & Services,Tecnologia & TI,Tecnologia Da Informação & Serviços,Tecnologia & TI
Information Technology & Services,Tecnologia & TI,Tecnologia Da Informação & Serviços,Tecnologia & TI
Information Technology & Services,Tecnologia & TI,Tecnologia Da Informação & Serviços,Tecnologia & TI
Information Technology & Services,Tecnologia & TI,Tecnologia Da Informação & Serviços,Tecnologia & TI
Information Technology & Services,Tecnologia & TI,Tecnologia Da Informação & Serviços,Tecnologia & TI
Information Technology & Services,Tecnologia & TI,Tecnologia Da Informação & Serviços,Tecnologia & TI
Computer Software,Tecnologia & TI,Software,Tecnologia & TI
Information Technology & Services,Tecnologia & TI,Tecnologia Da Informação & Serviços,Tecnologia & TI
Computer Software,Tecnologia & TI,Software,Tecnologia & TI
Computer Software,Tecnologia & TI,Software,Tecnologia & TI
Computer Software,Tecnologia & TI,Software,Tecnologia & TI
Information Technology & Services,Tecnologia & TI,Tecnologia Da Informação & Serviços,Tecnologia & TI
Information Technology & Services,Tecnologia & TI,Tecnologia Da Informação & Serviços,Tecnologia & TI
Computer Software,Tecnologia & TI,Software,Tecnologia & TI
Computer Software,Tecnologia & TI,Software,Tecnologia & TI
Computer Software,Tecnologia & TI,Software,Tecnologia & TI
Computer Software,Tecnologia & TI,Software,Tecnologia & TI
Computer Software,Tecnologia & TI,Software,Tecnologia & TI
Information Technology & Services,Tecnologia & TI,Tecnologia Da Informação & Serviços,Tecnologia & TI
Information Technology & Services,Tecnologia & TI,Tecnologia Da Informação & Serviços,Tecnologia & TI
Information Technology & Services,Tecnologia & TI,Tecnologia Da Informação & Serviços,Tecnologia & TI
Information Technology & Services,Tecnologia & TI,Tecnologia Da Informação & Serviços,Tecnologia & TI
Information Technology & Services,Tecnologia & TI,Tecnologia Da Informação & Serviços,Tecnologia & TI
Information Technology & Services,Tecnologia & TI,Tecnologia Da Informação & Serviços,Tecnologia & TI
Information Technology & Services,Tecnologia & TI,Tecnologia Da Informação & Serviços,Tecnologia & TI
Computer Software,Tecnologia & TI,Software,Tecnologia & TI
Information Technology & Services,Tecnologia & TI,Tecnologia Da Informação & Serviços,Tecnologia & TI
Information Technology & Services,Tecnologia & TI,Tecnologia Da Informação & Serviços,Tecnologia & TI
Information Technology & Services,Tecnologia & TI,Tecnologia Da Informação & Serviços,Tecnologia & TI
Computer Software,Tecnologia & TI,Software,Tecnologia & TI
Information Technology & Services,Tecnologia & TI,Tecnologia Da Informação & Serviços,Tecnologia & TI
Computer Software,Tecnologia & TI,Software,Tecnologia & TI
Information Technology & Services,Tecnologia & TI,Tecnologia Da Informação & Serviços,Tecnologia & TI
Information Technology & Services,Tecnologia & TI,Tecnologia Da Informação & Serviços,Tecnologia & TI
Computer Software,Tecnologia & TI,Software,Tecnologia & TI
Information Technology & Services,Tecnologia & TI,Tecnologia Da Informação & Serviços,Tecnologia & TI
Information Technology & Services,Tecnologia & TI,Tecnologia Da Informação & Serviços,Tecnologia & TI
Computer Software,Tecnologia & TI,Software,Tecnologia & TI
Computer Software,Tecnologia & TI,Software,Tecnologia & TI
Internet,Tecnologia & TI,Internet & Serviços Online,Tecnologia & TI
Computer Software,Tecnologia & TI,Software,Tecnologia & TI
Internet,Tecnologia & TI,Internet & Serviços Online,Tecnologia & TI
Information Technology & Services,Tecnologia & TI,Tecnologia Da Informação & Serviços,Tecnologia & TI
Computer Software,Tecnologia & TI,Software,Tecnologia & TI
Computer Software,Tecnologia & TI,Software,Tecnologia & TI
Information Technology & Services,Tecnologia & TI,Tecnologia Da Informação & Serviços,Tecnologia & TI
Information Technology & Services,Tecnologia & TI,Tecnologia Da Informação & Serviços,Tecnologia & TI
Information Technology & Services,Tecnologia & TI,Tecnologia Da Informação & Serviços,Tecnologia & TI
Information Technology & Services,Tecnologia & TI,Tecnologia Da Informação & Serviços,Tecnologia & TI
Computer Software,Tecnologia & TI,Software,Tecnologia & TI
Computer Software,Tecnologia & TI,Software,Tecnologia & TI
Computer Software,Tecnologia & TI,Software,Tecnologia & TI
Information Technology & Services,Tecnologia & TI,Tecnologia Da Informação & Serviços,Tecnologia & TI
Information Technology & Services,Tecnologia & TI,Tecnologia Da Informação & Serviços,Tecnologia & TI
Computer Software,Tecnologia & TI,Software,Tecnologia & TI
Information Technology & Services,Tecnologia & TI,Tecnologia Da Informação & Serviços,Tecnologia & TI
Computer Software,Tecnologia & TI,Software,Tecnologia & TI
Information Technology & Services,Tecnologia & TI,Tecnologia Da Informação & Serviços,Tecnologia & TI
Computer Software,Tecnologia & TI,Software,Tecnologia & TI
Computer Software,Tecnologia & TI,Software,Tecnologia & TI
Computer Software,Tecnologia & TI,Software,Tecnologia & TI
Information Technology & Services,Tecnologia & TI,Tecnologia Da Informação & Serviços,Tecnologia & TI
Computer Software,Tecnologia & TI,Software,Tecnologia & TI
Computer Software,Tecnologia & TI,Software,Tecnologia & TI
Information Technology & Services,Tecnologia & TI,Tecnologia Da Informação & Serviços,Tecnologia & TI
Information Technology & Services,Tecnologia & TI,Tecnologia Da Informação & Serviços,Tecnologia & TI
Information Technology & Services,Tecnologia & TI,Tecnologia Da Informação & Serviços,Tecnologia & TI
Information Technology & Services,Tecnologia & TI,Tecnologia Da Informação & Serviços,Tecnologia & TI
Information Technology & Services,Tecnologia & TI,Tecnologia Da Informação & Serviços,Tecnologia & TI
Information Technology & Services,Tecnologia & TI,Tecnologia Da Informação & Serviços,Tecnologia & TI
Computer Software,Tecnologia & TI,Software,Tecnologia & TI
Information Technology & Services,Tecnologia & TI,Tecnologia Da Informação & Serviços,Tecnologia & TI
Information Technology & Services,Tecnologia & TI,Tecnologia Da Informação & Serviços,Tecnologia & TI
Information Technology & Services,Tecnologia & TI,Tecnologia Da Informação & Serviços,Tecnologia & TI
Information Technology & Services,Tecnologia & TI,Tecnologia Da Informação & Serviços,Tecnologia & TI
Computer Software,Tecnologia & TI,Software,Tecnologia & TI
Information Technology & Services,Tecnologia & TI,Tecnologia Da Informação & Serviços,Tecnologia & TI
Information Technology & Services,Tecnologia & TI,Tecnologia Da Informação & Serviços,Tecnologia & TI
Information Technology & Services,Tecnologia & TI,Tecnologia Da Informação & Serviços,Tecnologia & TI
Information Technology & Services,Tecnologia & TI,Tecnologia Da Informação & Serviços,Tecnologia & TI
Information Technology & Services,Tecnologia & TI,Tecnologia Da Informação & Serviços,Tecnologia & TI
Computer Software,Tecnologia & TI,Software,Tecnologia & TI
Computer Software,Tecnologia & TI,Software,Tecnologia & TI
Computer Software,Tecnologia & TI,Software,Tecnologia & TI
Information Technology & Services,Tecnologia & TI,Tecnologia Da Informação & Serviços,Tecnologia & TI
Information Technology & Services,Tecnologia & TI,Tecnologia Da Informação & Serviços,Tecnologia & TI
Computer Software,Tecnologia & TI,Software,Tecnologia & TI
Information Technology & Services,Tecnologia & TI,Tecnologia Da Informação & Serviços,Tecnologia & TI
Information Technology & Services,Tecnologia & TI,Tecnologia Da Informação & Serviços,Tecnologia & TI
Computer Software,Tecnologia & TI,Software,Tecnologia & TI
Computer Software,Tecnologia & TI,Software,Tecnologia & TI
Information Technology & Services,Tecnologia & TI,Tecnologia Da Informação & Serviços,Tecnologia & TI
Information Technology & Services,Tecnologia & TI,Tecnologia Da Informação & Serviços,Tecnologia & TI
Computer Software,Tecnologia & TI,Software,Tecnologia & TI
Computer Software,Tecnologia & TI,Software,Tecnologia & TI
Information Technology & Services,Tecnologia & TI,Tecnologia Da Informação & Serviços,Tecnologia & TI
Information Technology & Services,Tecnologia & TI,Tecnologia Da Informação & Serviços,Tecnologia & TI
Computer Software,Tecnologia & TI,Software,Tecnologia & TI
Computer Software,Tecnologia & TI,Software,Tecnologia & TI
Computer Software,Tecnologia & TI,Software,Tecnologia & TI
Computer Software,Tecnologia & TI,Software,Tecnologia & TI
Computer Software,Tecnologia & TI,Software,Tecnologia & TI
Computer Software,Tecnologia & TI,Software,Tecnologia & TI
Computer Software,Tecnologia & TI,Software,Tecnologia & TI
Computer Software,Tecnologia & TI,Software,Tecnologia & TI
Information Technology & Services,Tecnologia & TI,Tecnologia Da Informação & Serviços,Tecnologia & TI
Information Technology & Services,Tecnologia & TI,Tecnologia Da Informação & Serviços,Tecnologia & TI
Computer Software,Tecnologia & TI,Software,Tecnologia & TI
Information Technology & Services,Tecnologia & TI,Tecnologia Da Informação & Serviços,Tecnologia & TI
Computer Software,Tecnologia & TI,Software,Tecnologia & TI
Information Technology & Services,Tecnologia & TI,Tecnologia Da Informação & Serviços,Tecnologia & TI
Computer Software,Tecnologia & TI,Software,Tecnologia & TI
Information Technology & Services,Tecnologia & TI,Tecnologia Da Informação & Serviços,Tecnologia & TI
Computer Software,Tecnologia & TI,Software,Tecnologia & TI
Computer Software,Tecnologia & TI,Software,Tecnologia & TI
Internet,Tecnologia & TI,Internet & Serviços Online,Tecnologia & TI
Internet,Tecnologia & TI,Internet & Serviços Online,Tecnologia & TI
Computer Software,Tecnologia & TI,Software,Tecnologia & TI
Computer Software,Tecnologia & TI,Software,Tecnologia & TI
Computer Software,Tecnologia & TI,Software,Tecnologia & TI
Computer Software,Tecnologia & TI,Software,Tecnologia & TI
Computer Software,Tecnologia & TI,Software,Tecnologia & TI
Information Technology & Services,Tecnologia & TI,Tecnologia Da Informação & Serviços,Tecnologia & TI
Computer Software,Tecnologia & TI,Software,Tecnologia & TI
Computer Software,Tecnologia & TI,Software,Tecnologia & TI
Information Technology & Services,Tecnologia & TI,Tecnologia Da Informação & Serviços,Tecnologia & TI
Computer Software,Tecnologia & TI,Software,Tecnologia & TI
Information Technology & Services,Tecnologia & TI,Tecnologia Da Informação & Serviços,Tecnologia & TI
Information Technology & Services,Tecnologia & TI,Tecnologia Da Informação & Serviços,Tecnologia & TI
Accounting,Outros,Contabilidade,Outros
Information Technology & Services,Tecnologia & TI,Tecnologia Da Informação & Serviços,Tecnologia & TI
Computer Software,Tecnologia & TI,Software,Tecnologia & TI
Information Technology & Services,Tecnologia & TI,Tecnologia Da Informação & Serviços,Tecnologia & TI
Information Technology & Services,Tecnologia & TI,Tecnologia Da Informação & Serviços,Tecnologia & TI
Information Technology & Services,Tecnologia & TI,Tecnologia Da Informação & Serviços,Tecnologia & TI
Information Technology & Services,Tecnologia & TI,Tecnologia Da Informação & Serviços,Tecnologia & TI
Information Technology & Services,Tecnologia & TI,Tecnologia Da Informação & Serviços,Tecnologia & TI
Computer Software,Tecnologia & TI,Software,Tecnologia & TI
Information Technology & Services,Tecnologia & TI,Tecnologia Da Informação & Serviços,Tecnologia & TI
Computer Software,Tecnologia & TI,Software,Tecnologia & TI
Internet,Tecnologia & TI,Internet & Serviços Online,Tecnologia & TI
Internet,Tecnologia & TI,Internet & Serviços Online,Tecnologia & TI
Internet,Tecnologia & TI,Internet & Serviços Online,Tecnologia & TI
Information Technology & Services,Tecnologia & TI,Tecnologia Da Informação & Serviços,Tecnologia & TI
Information Technology & Services,Tecnologia & TI,Tecnologia Da Informação & Serviços,Tecnologia & TI
Information Technology & Services,Tecnologia & TI,Tecnologia Da Informação & Serviços,Tecnologia & TI
Information Technology & Services,Tecnologia & TI,Tecnologia Da Informação & Serviços,Tecnologia & TI
Information Technology & Services,Tecnologia & TI,Tecnologia Da Informação & Serviços,Tecnologia & TI
Information Technology & Services,Tecnologia & TI,Tecnologia Da Informação & Serviços,Tecnologia & TI
Computer Software,Tecnologia & TI,Software,Tecnologia & TI
Information Technology & Services,Tecnologia & TI,Tecnologia Da Informação & Serviços,Tecnologia & TI
Computer Software,Tecnologia & TI,Software,Tecnologia & TI
Information Technology & Services,Tecnologia & TI,Tecnologia Da Informação & Serviços,Tecnologia & TI
Information Technology & Services,Tecnologia & TI,Tecnologia Da Informação & Serviços,Tecnologia & TI
Computer Software,Tecnologia & TI,Software,Tecnologia & TI
Computer Software,Tecnologia & TI,Software,Tecnologia & TI
Computer Software,Tecnologia & TI,Software,Tecnologia & TI
Computer Software,Tecnologia & TI,Software,Tecnologia & TI
Information Technology & Services,Tecnologia & TI,Tecnologia Da Informação & Serviços,Tecnologia & TI
Information Technology & Services,Tecnologia & TI,Tecnologia Da Informação & Serviços,Tecnologia & TI
Information Technology & Services,Tecnologia & TI,Tecnologia Da Informação & Serviços,Tecnologia & TI
Computer Software,Tecnologia & TI,Software,Tecnologia & TI
Information Technology & Services,Tecnologia & TI,Tecnologia Da Informação & Serviços,Tecnologia & TI
Computer Software,Tecnologia & TI,Software,Tecnologia & TI
Information Technology & Services,Tecnologia & TI,Tecnologia Da Informação & Serviços,Tecnologia & TI
Information Technology & Services,Tecnologia & TI,Tecnologia Da Informação & Serviços,Tecnologia & TI
Computer Software,Tecnologia & TI,Software,Tecnologia & TI
Information Technology & Services,Tecnologia & TI,Tecnologia Da Informação & Serviços,Tecnologia & TI
Computer Software,Tecnologia & TI,Software,Tecnologia & TI
Computer Software,Tecnologia & TI,Software,Tecnologia & TI
Computer Software,Tecnologia & TI,Software,Tecnologia & TI
Computer Software,Tecnologia & TI,Software,Tecnologia & TI
Computer Software,Tecnologia & TI,Software,Tecnologia & TI
Information Technology & Services,Tecnologia & TI,Tecnologia Da Informação & Serviços,Tecnologia & TI
Information Technology & Services,Tecnologia & TI,Tecnologia Da Informação & Serviços,Tecnologia & TI
Information Technology & Services,Tecnologia & TI,Tecnologia Da Informação & Serviços,Tecnologia & TI
Information Technology & Services,Tecnologia & TI,Tecnologia Da Informação & Serviços,Tecnologia & TI
Computer Software,Tecnologia & TI,Software,Tecnologia & TI
Computer Software,Tecnologia & TI,Software,Tecnologia & TI
Computer Software,Tecnologia & TI,Software,Tecnologia & TI
Computer Software,Tecnologia & TI,Software,Tecnologia & TI
Internet,Tecnologia & TI,Internet & Serviços Online,Tecnologia & TI
Information Technology & Services,Tecnologia & TI,Tecnologia Da Informação & Serviços,Tecnologia & TI
Information Technology & Services,Tecnologia & TI,Tecnologia Da Informação & Serviços,Tecnologia & TI
Information Technology & Services,Tecnologia & TI,Tecnologia Da Informação & Serviços,Tecnologia & TI
Information Technology & Services,Tecnologia & TI,Tecnologia Da Informação & Serviços,Tecnologia & TI
Information Technology & Services,Tecnologia & TI,Tecnologia Da Informação & Serviços,Tecnologia & TI
Information Technology & Services,Tecnologia & TI,Tecnologia Da Informação & Serviços,Tecnologia & TI
Information Technology & Services,Tecnologia & TI,Tecnologia Da Informação & Serviços,Tecnologia & TI
Information Technology & Services,Tecnologia & TI,Tecnologia Da Informação & Serviços,Tecnologia & TI
Information Technology & Services,Tecnologia & TI,Tecnologia Da Informação & Serviços,Tecnologia & TI
Computer Software,Tecnologia & TI,Software,Tecnologia & TI
Information Technology & Services,Tecnologia & TI,Tecnologia Da Informação & Serviços,Tecnologia & TI
Computer Software,Tecnologia & TI,Software,Tecnologia & TI
Computer Software,Tecnologia & TI,Software,Tecnologia & TI
Information Technology & Services,Tecnologia & TI,Tecnologia Da Informação & Serviços,Tecnologia & TI
Information Technology & Services,Tecnologia & TI,Tecnologia Da Informação & Serviços,Tecnologia & TI
Information Technology & Services,Tecnologia & TI,Tecnologia Da Informação & Serviços,Tecnologia & TI
Computer Software,Tecnologia & TI,Software,Tecnologia & TI
Information Technology & Services,Tecnologia & TI,Tecnologia Da Informação & Serviços,Tecnologia & TI
Computer Software,Tecnologia & TI,Software,Tecnologia & TI
Information Technology & Services,Tecnologia & TI,Tecnologia Da Informação & Serviços,Tecnologia & TI
Information Technology & Services,Tecnologia & TI,Tecnologia Da Informação & Serviços,Tecnologia & TI
Computer Software,Tecnologia & TI,Software,Tecnologia & TI
Computer Software,Tecnologia & TI,Software,Tecnologia & TI
Computer Software,Tecnologia & TI,Software,Tecnologia & TI
Research,Educação & Pesquisa,Pesquisa,Educação & Pesquisa
Computer Software,Tecnologia & TI,Software,Tecnologia & TI
Information Technology & Services,Tecnologia & TI,Tecnologia Da Informação & Serviços,Tecnologia & TI
Information Technology & Services,Tecnologia & TI,Tecnologia Da Informação & Serviços,Tecnologia & TI
Information Technology & Services,Tecnologia & TI,Tecnologia Da Informação & Serviços,Tecnologia & TI
Computer Software,Tecnologia & TI,Software,Tecnologia & TI
Computer Software,Tecnologia & TI,Software,Tecnologia & TI
Information Technology & Services,Tecnologia & TI,Tecnologia Da Informação & Serviços,Tecnologia & TI
Information Technology & Services,Tecnologia & TI,Tecnologia Da Informação & Serviços,Tecnologia & TI
Information Technology & Services,Tecnologia & TI,Tecnologia Da Informação & Serviços,Tecnologia & TI
Information Technology & Services,Tecnologia & TI,Tecnologia Da Informação & Serviços,Tecnologia & TI
Information Technology & Services,Tecnologia & TI,Tecnologia Da Informação & Serviços,Tecnologia & TI
Information Technology & Services,Tecnologia & TI,Tecnologia Da Informação & Serviços,Tecnologia & TI
Information Technology & Services,Tecnologia & TI,Tecnologia Da Informação & Serviços,Tecnologia & TI
Information Technology & Services,Tecnologia & TI,Tecnologia Da Informação & Serviços,Tecnologia & TI
Information Technology & Services,Tecnologia & TI,Tecnologia Da Informação & Serviços,Tecnologia & TI
Information Technology & Services,Tecnologia & TI,Tecnologia Da Informação & Serviços,Tecnologia & TI
Information Technology & Services,Tecnologia & TI,Tecnologia Da Informação & Serviços,Tecnologia & TI
Information Technology & Services,Tecnologia & TI,Tecnologia Da Informação & Serviços,Tecnologia & TI
Computer Software,Tecnologia & TI,Software,Tecnologia & TI
Computer Software,Tecnologia & TI,Software,Tecnologia & TI
Computer Software,Tecnologia & TI,Software,Tecnologia & TI
Computer Software,Tecnologia & TI,Software,Tecnologia & TI
Computer Software,Tecnologia & TI,Software,Tecnologia & TI
Computer Software,Tecnologia & TI,Software,Tecnologia & TI
Computer Software,Tecnologia & TI,Software,Tecnologia & TI
Computer Software,Tecnologia & TI,Software,Tecnologia & TI
Computer Software,Tecnologia & TI,Software,Tecnologia & TI
Computer Software,Tecnologia & TI,Software,Tecnologia & TI
Information Technology & Services,Tecnologia & TI,Tecnologia Da Informação & Serviços,Tecnologia & TI
Information Technology & Services,Tecnologia & TI,Tecnologia Da Informação & Serviços,Tecnologia & TI
Computer Software,Tecnologia & TI,Software,Tecnologia & TI
Computer Software,Tecnologia & TI,Software,Tecnologia & TI
Computer Software,Tecnologia & TI,Software,Tecnologia & TI
Computer Software,Tecnologia & TI,Software,Tecnologia & TI
Computer Software,Tecnologia & TI,Software,Tecnologia & TI
Computer Software,Tecnologia & TI,Software,Tecnologia & TI
Information Technology & Services,Tecnologia & TI,Tecnologia Da Informação & Serviços,Tecnologia & TI
Information Technology & Services,Tecnologia & TI,Tecnologia Da Informação & Serviços,Tecnologia & TI
Information Technology & Services,Tecnologia & TI,Tecnologia Da Informação & Serviços,Tecnologia & TI
Information Technology & Services,Tecnologia & TI,Tecnologia Da Informação & Serviços,Tecnologia & TI
Computer Software,Tecnologia & TI,Software,Tecnologia & TI
Information Technology & Services,Tecnologia & TI,Tecnologia Da Informação & Serviços,Tecnologia & TI
Computer Software,Tecnologia & TI,Software,Tecnologia & TI
Computer Software,Tecnologia & TI,Software,Tecnologia & TI
Computer Software,Tecnologia & TI,Software,Tecnologia & TI
Information Technology & Services,Tecnologia & TI,Tecnologia Da Informação & Serviços,Tecnologia & TI
Computer Software,Tecnologia & TI,Software,Tecnologia & TI
Computer Software,Tecnologia & TI,Software,Tecnologia & TI
Computer Software,Tecnologia & TI,Software,Tecnologia & TI
Computer Software,Tecnologia & TI,Software,Tecnologia & TI
Computer Software,Tecnologia & TI,Software,Tecnologia & TI
Information Technology & Services,Tecnologia & TI,Tecnologia Da Informação & Serviços,Tecnologia & TI
Computer & Network Security,Outros,Segurança Da Informação,Tecnologia & TI
Services for Renewable Energy,Energia & Utilities,Serviços De Energia Renovável,Outros
Information Technology & Services,Tecnologia & TI,Tecnologia Da Informação & Serviços,Tecnologia & TI
Information Technology & Services,Tecnologia & TI,Tecnologia Da Informação & Serviços,Tecnologia & TI
Information Technology & Services,Tecnologia & TI,Tecnologia Da Informação & Serviços,Tecnologia & TI
Information Technology & Services,Tecnologia & TI,Tecnologia Da Informação & Serviços,Tecnologia & TI
Computer Software,Tecnologia & TI,Software,Tecnologia & TI
Computer Software,Tecnologia & TI,Software,Tecnologia & TI
Information Technology & Services,Tecnologia & TI,Tecnologia Da Informação & Serviços,Tecnologia & TI
Computer Software,Tecnologia & TI,Software,Tecnologia & TI
Computer Software,Tecnologia & TI,Software,Tecnologia & TI
Computer Software,Tecnologia & TI,Software,Tecnologia & TI
Information Technology & Services,Tecnologia & TI,Tecnologia Da Informação & Serviços,Tecnologia & TI
Computer Software,Tecnologia & TI,Software,Tecnologia & TI
Information Technology & Services,Tecnologia & TI,Tecnologia Da Informação & Serviços,Tecnologia & TI
Information Technology & Services,Tecnologia & TI,Tecnologia Da Informação & Serviços,Tecnologia & TI
Information Technology & Services,Tecnologia & TI,Tecnologia Da Informação & Serviços,Tecnologia & TI
Information Technology & Services,Tecnologia & TI,Tecnologia Da Informação & Serviços,Tecnologia & TI
Information Technology & Services,Tecnologia & TI,Tecnologia Da Informação & Serviços,Tecnologia & TI
Information Technology & Services,Tecnologia & TI,Tecnologia Da Informação & Serviços,Tecnologia & TI
Information Technology & Services,Tecnologia & TI,Tecnologia Da Informação & Serviços,Tecnologia & TI
Computer Software,Tecnologia & TI,Software,Tecnologia & TI
Computer Software,Tecnologia & TI,Software,Tecnologia & TI
Computer Software,Tecnologia & TI,Software,Tecnologia & TI
Information Technology & Services,Tecnologia & TI,Tecnologia Da Informação & Serviços,Tecnologia & TI
Computer Software,Tecnologia & TI,Software,Tecnologia & TI
Information Technology & Services,Tecnologia & TI,Tecnologia Da Informação & Serviços,Tecnologia & TI
Computer Software,Tecnologia & TI,Software,Tecnologia & TI
Computer Software,Tecnologia & TI,Software,Tecnologia & TI
Computer Software,Tecnologia & TI,Software,Tecnologia & TI
Information Technology & Services,Tecnologia & TI,Tecnologia Da Informação & Serviços,Tecnologia & TI
Computer Software,Tecnologia & TI,Software,Tecnologia & TI
Information Technology & Services,Tecnologia & TI,Tecnologia Da Informação & Serviços,Tecnologia & TI
Information Technology & Services,Tecnologia & TI,Tecnologia Da Informação & Serviços,Tecnologia & TI
Computer Software,Tecnologia & TI,Software,Tecnologia & TI
Information Technology & Services,Tecnologia & TI,Tecnologia Da Informação & Serviços,Tecnologia & TI
Information Technology & Services,Tecnologia & TI,Tecnologia Da Informação & Serviços,Tecnologia & TI
Information Technology & Services,Tecnologia & TI,Tecnologia Da Informação & Serviços,Tecnologia & TI
Information Technology & Services,Tecnologia & TI,Tecnologia Da Informação & Serviços,Tecnologia & TI
Information Technology & Services,Tecnologia & TI,Tecnologia Da Informação & Serviços,Tecnologia & TI
Information Technology & Services,Tecnologia & TI,Tecnologia Da Informação & Serviços,Tecnologia & TI
Computer Software,Tecnologia & TI,Software,Tecnologia & TI
Information Technology & Services,Tecnologia & TI,Tecnologia Da Informação & Serviços,Tecnologia & TI
Information Technology & Services,Tecnologia & TI,Tecnologia Da Informação & Serviços,Tecnologia & TI
Information Technology & Services,Tecnologia & TI,Tecnologia Da Informação & Serviços,Tecnologia & TI
Information Technology & Services,Tecnologia & TI,Tecnologia Da Informação & Serviços,Tecnologia & TI
Information Technology & Services,Tecnologia & TI,Tecnologia Da Informação & Serviços,Tecnologia & TI
Computer Software,Tecnologia & TI,Software,Tecnologia & TI
Computer Hardware,Outros,Hardware De Computador,Outros
Information Technology & Services,Tecnologia & TI,Tecnologia Da Informação & Serviços,Tecnologia & TI
Information Technology & Services,Tecnologia & TI,Tecnologia Da Informação & Serviços,Tecnologia & TI
Computer Software,Tecnologia & TI,Software,Tecnologia & TI
Information Technology & Services,Tecnologia & TI,Tecnologia Da Informação & Serviços,Tecnologia & TI
Computer Software,Tecnologia & TI,Software,Tecnologia & TI
Computer Software,Tecnologia & TI,Software,Tecnologia & TI
Information Technology & Services,Tecnologia & TI,Tecnologia Da Informação & Serviços,Tecnologia & TI
Information Technology & Services,Tecnologia & TI,Tecnologia Da Informação & Serviços,Tecnologia & TI
Information Technology & Services,Tecnologia & TI,Tecnologia Da Informação & Serviços,Tecnologia & TI
Information Technology & Services,Tecnologia & TI,Tecnologia Da Informação & Serviços,Tecnologia & TI
Computer Software,Tecnologia & TI,Software,Tecnologia & TI
Information Technology & Services,Tecnologia & TI,Tecnologia Da Informação & Serviços,Tecnologia & TI
Information Technology & Services,Tecnologia & TI,Tecnologia Da Informação & Serviços,Tecnologia & TI
Computer Software,Tecnologia & TI,Software,Tecnologia & TI
Computer Software,Tecnologia & TI,Software,Tecnologia & TI
Computer Software,Tecnologia & TI,Software,Tecnologia & TI
Information Technology & Services,Tecnologia & TI,Tecnologia Da Informação & Serviços,Tecnologia & TI
Information Technology & Services,Tecnologia & TI,Tecnologia Da Informação & Serviços,Tecnologia & TI
Computer Software,Tecnologia & TI,Software,Tecnologia & TI
,Não Informado,,Não Informado
Information Technology & Services,Tecnologia & TI,Tecnologia Da Informação & Serviços,Tecnologia & TI
Information Technology & Services,Tecnologia & TI,Tecnologia Da Informação & Serviços,Tecnologia & TI
Computer Software,Tecnologia & TI,Software,Tecnologia & TI
Computer Software,Tecnologia & TI,Software,Tecnologia & TI
Information Technology & Services,Tecnologia & TI,Tecnologia Da Informação & Serviços,Tecnologia & TI
Information Technology & Services,Tecnologia & TI,Tecnologia Da Informação & Serviços,Tecnologia & TI
Information Technology & Services,Tecnologia & TI,Tecnologia Da Informação & Serviços,Tecnologia & TI
Information Technology & Services,Tecnologia & TI,Tecnologia Da Informação & Serviços,Tecnologia & TI
Information Technology & Services,Tecnologia & TI,Tecnologia Da Informação & Serviços,Tecnologia & TI
Computer Software,Tecnologia & TI,Software,Tecnologia & TI
Computer Software,Tecnologia & TI,Software,Tecnologia & TI
Computer Software,Tecnologia & TI,Software,Tecnologia & TI
Computer Software,Tecnologia & TI,Software,Tecnologia & TI
Computer Software,Tecnologia & TI,Software,Tecnologia & TI
Computer Software,Tecnologia & TI,Software,Tecnologia & TI
Computer Software,Tecnologia & TI,Software,Tecnologia & TI
Computer Software,Tecnologia & TI,Software,Tecnologia & TI
Information Technology & Services,Tecnologia & TI,Tecnologia Da Informação & Serviços,Tecnologia & TI
Computer Software,Tecnologia & TI,Software,Tecnologia & TI
Information Technology & Services,Tecnologia & TI,Tecnologia Da Informação & Serviços,Tecnologia & TI
Computer Software,Tecnologia & TI,Software,Tecnologia & TI
Computer Software,Tecnologia & TI,Software,Tecnologia & TI
Information Technology & Services,Tecnologia & TI,Tecnologia Da Informação & Serviços,Tecnologia & TI
Information Technology & Services,Tecnologia & TI,Tecnologia Da Informação & Serviços,Tecnologia & TI
Computer Software,Tecnologia & TI,Software,Tecnologia & TI
Information Technology & Services,Tecnologia & TI,Tecnologia Da Informação & Serviços,Tecnologia & TI
Computer Software,Tecnologia & TI,Software,Tecnologia & TI
Computer Software,Tecnologia & TI,Software,Tecnologia & TI
Computer Software,Tecnologia & TI,Software,Tecnologia & TI
Computer Software,Tecnologia & TI,Software,Tecnologia & TI
Information Technology & Services,Tecnologia & TI,Tecnologia Da Informação & Serviços,Tecnologia & TI
Information Technology & Services,Tecnologia & TI,Tecnologia Da Informação & Serviços,Tecnologia & TI
Information Technology & Services,Tecnologia & TI,Tecnologia Da Informação & Serviços,Tecnologia & TI
Information Technology & Services,Tecnologia & TI,Tecnologia Da Informação & Serviços,Tecnologia & TI
Information Technology & Services,Tecnologia & TI,Tecnologia Da Informação & Serviços,Tecnologia & TI
Information Technology & Services,Tecnologia & TI,Tecnologia Da Informação & Serviços,Tecnologia & TI
Computer Software,Tecnologia & TI,Software,Tecnologia & TI
Information Technology & Services,Tecnologia & TI,Tecnologia Da Informação & Serviços,Tecnologia & TI
Information Technology & Services,Tecnologia & TI,Tecnologia Da Informação & Serviços,Tecnologia & TI
Computer Software,Tecnologia & TI,Software,Tecnologia & TI
Information Technology & Services,Tecnologia & TI,Tecnologia Da Informação & Serviços,Tecnologia & TI
Research,Educação & Pesquisa,Pesquisa,Educação & Pesquisa
Information Technology & Services,Tecnologia & TI,Tecnologia Da Informação & Serviços,Tecnologia & TI
Information Technology & Services,Tecnologia & TI,Tecnologia Da Informação & Serviços,Tecnologia & TI
Computer Software,Tecnologia & TI,Software,Tecnologia & TI
Information Technology & Services,Tecnologia & TI,Tecnologia Da Informação & Serviços,Tecnologia & TI
Computer Software,Tecnologia & TI,Software,Tecnologia & TI
Computer Software,Tecnologia & TI,Software,Tecnologia & TI
Computer Software,Tecnologia & TI,Software,Tecnologia & TI
Computer Software,Tecnologia & TI,Software,Tecnologia & TI
Computer Software,Tecnologia & TI,Software,Tecnologia & TI
Computer Software,Tecnologia & TI,Software,Tecnologia & TI
Computer Software,Tecnologia & TI,Software,Tecnologia & TI
Information Technology & Services,Tecnologia & TI,Tecnologia Da Informação & Serviços,Tecnologia & TI
Information Technology & Services,Tecnologia & TI,Tecnologia Da Informação & Serviços,Tecnologia & TI
Computer Software,Tecnologia & TI,Software,Tecnologia & TI
Computer Software,Tecnologia & TI,Software,Tecnologia & TI
Computer Software,Tecnologia & TI,Software,Tecnologia & TI
Information Technology & Services,Tecnologia & TI,Tecnologia Da Informação & Serviços,Tecnologia & TI
Information Technology & Services,Tecnologia & TI,Tecnologia Da Informação & Serviços,Tecnologia & TI
Computer Software,Tecnologia & TI,Software,Tecnologia & TI
Information Technology & Services,Tecnologia & TI,Tecnologia Da Informação & Serviços,Tecnologia & TI
Computer Software,Tecnologia & TI,Software,Tecnologia & TI
Computer Software,Tecnologia & TI,Software,Tecnologia & TI
Computer Software,Tecnologia & TI,Software,Tecnologia & TI
Information Technology & Services,Tecnologia & TI,Tecnologia Da Informação & Serviços,Tecnologia & TI
Information Technology & Services,Tecnologia & TI,Tecnologia Da Informação & Serviços,Tecnologia & TI
Computer Software,Tecnologia & TI,Software,Tecnologia & TI
Computer Software,Tecnologia & TI,Software,Tecnologia & TI
Information Technology & Services,Tecnologia & TI,Tecnologia Da Informação & Serviços,Tecnologia & TI
Computer Software,Tecnologia & TI,Software,Tecnologia & TI
Computer Software,Tecnologia & TI,Software,Tecnologia & TI
Information Technology & Services,Tecnologia & TI,Tecnologia Da Informação & Serviços,Tecnologia & TI
Information Technology & Services,Tecnologia & TI,Tecnologia Da Informação & Serviços,Tecnologia & TI
Information Technology & Services,Tecnologia & TI,Tecnologia Da Informação & Serviços,Tecnologia & TI
Computer Software,Tecnologia & TI,Software,Tecnologia & TI
Computer Software,Tecnologia & TI,Software,Tecnologia & TI
Computer Software,Tecnologia & TI,Software,Tecnologia & TI
Computer Software,Tecnologia & TI,Software,Tecnologia & TI
Information Technology & Services,Tecnologia & TI,Tecnologia Da Informação & Serviços,Tecnologia & TI
Information Technology & Services,Tecnologia & TI,Tecnologia Da Informação & Serviços,Tecnologia & TI
Information Technology & Services,Tecnologia & TI,Tecnologia Da Informação & Serviços,Tecnologia & TI
Information Technology & Services,Tecnologia & TI,Tecnologia Da Informação & Serviços,Tecnologia & TI
Information Technology & Services,Tecnologia & TI,Tecnologia Da Informação & Serviços,Tecnologia & TI
Information Technology & Services,Tecnologia & TI,Tecnologia Da Informação & Serviços,Tecnologia & TI
Information Technology & Services,Tecnologia & TI,Tecnologia Da Informação & Serviços,Tecnologia & TI
Computer Software,Tecnologia & TI,Software,Tecnologia & TI
Computer Software,Tecnologia & TI,Software,Tecnologia & TI
Venture Capital & Private Equity,Outros,Private Equity & Venture Capital,Outros
Textiles,Outros,Têxtil,Outros
Venture Capital & Private Equity,Outros,Private Equity & Venture Capital,Outros
Marketing & Advertising,Mídia & Marketing,Marketing & Publicidade,Mídia & Marketing
Marketing & Advertising,Mídia & Marketing,Marketing & Publicidade,Mídia & Marketing
Marketing & Advertising,Mídia & Marketing,Marketing & Publicidade,Mídia & Marketing
Computer Software,Tecnologia & TI,Software,Tecnologia & TI
Information Technology & Services,Tecnologia & TI,Tecnologia Da Informação & Serviços,Tecnologia & TI
Retail,Varejo & Consumo,Varejo,Varejo & Consumo
"Technology, Information and Media",Tecnologia & TI,"Tecnologia, Informação & Mídia",Outros
Apparel & Fashion,Varejo & Consumo,Vestuário & Moda,Outros
Food Production,Outros,Produção De Alimentos,Outros
Automotive,Manufatura & Industrial,Automotivo,Manufatura & Industrial
Information Technology & Services,Tecnologia & TI,Tecnologia Da Informação & Serviços,Tecnologia & TI
Environmental Services,Outros,Serviços Ambientais,Outros
Government Administration,Governo & ONGs,Administração Pública,Outros
Technical and Vocational Training,Educação & Pesquisa,Treinamento Técnico,Outros
Information Technology & Services,Tecnologia & TI,Tecnologia Da Informação & Serviços,Tecnologia & TI
Food Production,Outros,Produção De Alimentos,Outros
Apparel & Fashion,Varejo & Consumo,Vestuário & Moda,Outros
Consumer Goods,Varejo & Consumo,Bens De Consumo,Outros
"Leisure, Travel & Tourism",Outros,Turismo & Lazer,Outros
Electrical & Electronic Manufacturing,Manufatura & Industrial,Manufatura Eletrônica,Manufatura & Industrial
Electrical & Electronic Manufacturing,Manufatura & Industrial,Manufatura Eletrônica,Manufatura & Industrial
Electrical & Electronic Manufacturing,Manufatura & Industrial,Manufatura Eletrônica,Manufatura & Industrial
Electrical & Electronic Manufacturing,Manufatura & Industrial,Manufatura Eletrônica,Manufatura & Industrial
,Não Informado,,Não Informado
Computer Software,Tecnologia & TI,Software,Tecnologia & TI
Computer Software,Tecnologia & TI,Software,Tecnologia & TI
Supermarkets,Outros,Supermercados,Outros
Information Technology & Services,Tecnologia & TI,Tecnologia Da Informação & Serviços,Tecnologia & TI
Industrial Automation,Manufatura & Industrial,Automação Industrial,Outros
Internet,Tecnologia & TI,Internet & Serviços Online,Tecnologia & TI
Internet,Tecnologia & TI,Internet & Serviços Online,Tecnologia & TI
Internet,Tecnologia & TI,Internet & Serviços Online,Tecnologia & TI
,Não Informado,,Não Informado
Internet,Tecnologia & TI,Internet & Serviços Online,Tecnologia & TI
Internet,Tecnologia & TI,Internet & Serviços Online,Tecnologia & TI
Internet,Tecnologia & TI,Internet & Serviços Online,Tecnologia & TI
Internet,Tecnologia & TI,Internet & Serviços Online,Tecnologia & TI
Internet,Tecnologia & TI,Internet & Serviços Online,Tecnologia & TI
Internet,Tecnologia & TI,Internet & Serviços Online,Tecnologia & TI
Internet,Tecnologia & TI,Internet & Serviços Online,Tecnologia & TI
Internet,Tecnologia & TI,Internet & Serviços Online,Tecnologia & TI
Internet,Tecnologia & TI,Internet & Serviços Online,Tecnologia & TI
Internet,Tecnologia & TI,Internet & Serviços Online,Tecnologia & TI
Internet,Tecnologia & TI,Internet & Serviços Online,Tecnologia & TI
Internet,Tecnologia & TI,Internet & Serviços Online,Tecnologia & TI
Internet,Tecnologia & TI,Internet & Serviços Online,Tecnologia & TI
Internet,Tecnologia & TI,Internet & Serviços Online,Tecnologia & TI
Internet,Tecnologia & TI,Internet & Serviços Online,Tecnologia & TI
Computer Software,Tecnologia & TI,Software,Tecnologia & TI
Internet,Tecnologia & TI,Internet & Serviços Online,Tecnologia & TI
Internet,Tecnologia & TI,Internet & Serviços Online,Tecnologia & TI
Internet,Tecnologia & TI,Internet & Serviços Online,Tecnologia & TI
Internet,Tecnologia & TI,Internet & Serviços Online,Tecnologia & TI
Internet,Tecnologia & TI,Internet & Serviços Online,Tecnologia & TI
Internet,Tecnologia & TI,Internet & Serviços Online,Tecnologia & TI
Internet,Tecnologia & TI,Internet & Serviços Online,Tecnologia & TI
Internet,Tecnologia & TI,Internet & Serviços Online,Tecnologia & TI
Internet,Tecnologia & TI,Internet & Serviços Online,Tecnologia & TI
Internet,Tecnologia & TI,Internet & Serviços Online,Tecnologia & TI
Computer Software,Tecnologia & TI,Software,Tecnologia & TI
Internet,Tecnologia & TI,Internet & Serviços Online,Tecnologia & TI
Internet,Tecnologia & TI,Internet & Serviços Online,Tecnologia & TI
Internet,Tecnologia & TI,Internet & Serviços Online,Tecnologia & TI
Internet,Tecnologia & TI,Internet & Serviços Online,Tecnologia & TI
Internet,Tecnologia & TI,Internet & Serviços Online,Tecnologia & TI
Internet,Tecnologia & TI,Internet & Serviços Online,Tecnologia & TI
Internet,Tecnologia & TI,Internet & Serviços Online,Tecnologia & TI
Internet,Tecnologia & TI,Internet & Serviços Online,Tecnologia & TI
Internet,Tecnologia & TI,Internet & Serviços Online,Tecnologia & TI
Internet,Tecnologia & TI,Internet & Serviços Online,Tecnologia & TI
Internet,Tecnologia & TI,Internet & Serviços Online,Tecnologia & TI
Internet,Tecnologia & TI,Internet & Serviços Online,Tecnologia & TI
Internet,Tecnologia & TI,Internet & Serviços Online,Tecnologia & TI
Computer Software,Tecnologia & TI,Software,Tecnologia & TI
Internet,Tecnologia & TI,Internet & Serviços Online,Tecnologia & TI
Internet,Tecnologia & TI,Internet & Serviços Online,Tecnologia & TI
Internet,Tecnologia & TI,Internet & Serviços Online,Tecnologia & TI
Internet,Tecnologia & TI,Internet & Serviços Online,Tecnologia & TI
Internet,Tecnologia & TI,Internet & Serviços Online,Tecnologia & TI
Internet,Tecnologia & TI,Internet & Serviços Online,Tecnologia & TI
Internet,Tecnologia & TI,Internet & Serviços Online,Tecnologia & TI
Computer Software,Tecnologia & TI,Software,Tecnologia & TI
Computer Software,Tecnologia & TI,Software,Tecnologia & TI
Internet,Tecnologia & TI,Internet & Serviços Online,Tecnologia & TI
Internet,Tecnologia & TI,Internet & Serviços Online,Tecnologia & TI
Computer Software,Tecnologia & TI,Software,Tecnologia & TI
Internet,Tecnologia & TI,Internet & Serviços Online,Tecnologia & TI
Internet,Tecnologia & TI,Internet & Serviços Online,Tecnologia & TI
Marketing & Advertising,Mídia & Marketing,Marketing & Publicidade,Mídia & Marketing
Computer Software,Tecnologia & TI,Software,Tecnologia & TI
Computer Software,Tecnologia & TI,Software,Tecnologia & TI
Internet,Tecnologia & TI,Internet & Serviços Online,Tecnologia & TI
Financial Services,Serviços Financeiros,Serviços Financeiros,Serviços Financeiros
Financial Services,Serviços Financeiros,Serviços Financeiros,Serviços Financeiros
Internet,Tecnologia & TI,Internet & Serviços Online,Tecnologia & TI
Internet,Tecnologia & TI,Internet & Serviços Online,Tecnologia & TI
Internet,Tecnologia & TI,Internet & Serviços Online,Tecnologia & TI
Information Technology & Services,Tecnologia & TI,Tecnologia Da Informação & Serviços,Tecnologia & TI
Computer Software,Tecnologia & TI,Software,Tecnologia & TI
Internet,Tecnologia & TI,Internet & Serviços Online,Tecnologia & TI
Internet,Tecnologia & TI,Internet & Serviços Online,Tecnologia & TI
,Não Informado,,Não Informado
Internet,Tecnologia & TI,Internet & Serviços Online,Tecnologia & TI
Engineering Services,Manufatura & Industrial,Serviços De Engenharia,Manufatura & Industrial
Internet,Tecnologia & TI,Internet & Serviços Online,Tecnologia & TI
Internet,Tecnologia & TI,Internet & Serviços Online,Tecnologia & TI
Internet,Tecnologia & TI,Internet & Serviços Online,Tecnologia & TI
Internet,Tecnologia & TI,Internet & Serviços Online,Tecnologia & TI
Internet,Tecnologia & TI,Internet & Serviços Online,Tecnologia & TI
Internet,Tecnologia & TI,Internet & Serviços Online,Tecnologia & TI
Internet,Tecnologia & TI,Internet & Serviços Online,Tecnologia & TI
Internet,Tecnologia & TI,Internet & Serviços Online,Tecnologia & TI
Internet,Tecnologia & TI,Internet & Serviços Online,Tecnologia & TI
Internet,Tecnologia & TI,Internet & Serviços Online,Tecnologia & TI
Internet,Tecnologia & TI,Internet & Serviços Online,Tecnologia & TI
Internet,Tecnologia & TI,Internet & Serviços Online,Tecnologia & TI
Internet,Tecnologia & TI,Internet & Serviços Online,Tecnologia & TI
Computer Software,Tecnologia & TI,Software,Tecnologia & TI
Internet,Tecnologia & TI,Internet & Serviços Online,Tecnologia & TI
Information Technology & Services,Tecnologia & TI,Tecnologia Da Informação & Serviços,Tecnologia & TI
Internet,Tecnologia & TI,Internet & Serviços Online,Tecnologia & TI
Internet,Tecnologia & TI,Internet & Serviços Online,Tecnologia & TI
Computer Software,Tecnologia & TI,Software,Tecnologia & TI
Internet,Tecnologia & TI,Internet & Serviços Online,Tecnologia & TI
Wine & Spirits,Outros,Vinhos & Bebidas,Outros
Internet,Tecnologia & TI,Internet & Serviços Online,Tecnologia & TI
Internet,Tecnologia & TI,Internet & Serviços Online,Tecnologia & TI
Internet,Tecnologia & TI,Internet & Serviços Online,Tecnologia & TI
