Cargo,Comprimento_Cargo,Padrao_Capitalizacao,Nivel_Hierarquico,Area,Problemas_Cargo,Idioma_Cargo,Cargo_Padronizado
Senior DevOps/SRE Engineer,26,Misto,Outros,TI,['OK'],Outro,Senior Devops/Sre Engineer
Chief Technology Officer (CTO),30,Misto,C-Level/Diretoria,TI,['Caracteres especiais'],Outro,Chief Technology Officer (CTO)
Head of IT,10,Misto,C-Level/Diretoria,TI,['OK'],Outro,Head of IT
Country Manager,15,Title_Case,Gerência,Outras,['OK'],EN/DE,Country Manager
Data Manager,12,Title_Case,Gerência,TI,['OK'],EN/DE,Data Manager
Data Manager,12,Title_Case,Gerência,TI,['OK'],EN/DE,Data Manager
Head of IT,10,Misto,C-Level/Diretoria,TI,['OK'],Outro,Head of IT
Chief Technology Officer (CTO),30,Misto,C-Level/Diretoria,TI,['Caracteres especiais'],Outro,Chief Technology Officer (CTO)
AI Main Advisor,15,Misto,Consultoria,Dados,['OK'],Outro,Ai Main Advisor
AI Main Advisor,15,Misto,Consultoria,Dados,['OK'],Outro,Ai Main Advisor
Head of IT & Cybersecurity,26,Misto,C-Level/Diretoria,TI,['OK'],Outro,Head of IT
Chief Technology Officer (CTO),30,Misto,C-Level/Diretoria,TI,['Caracteres especiais'],Outro,Chief Technology Officer (CTO)
Compliance Manager,18,Title_Case,Gerência,Outras,['OK'],EN/DE,Compliance Manager
Project Manager,15,Title_Case,Gerência,Outras,['OK'],EN/DE,Project Manager
Data Manager,12,Title_Case,Gerência,TI,['OK'],EN/DE,Data Manager
Chief Technology Officer (CTO),30,Misto,C-Level/Diretoria,TI,['Caracteres especiais'],Outro,Chief Technology Officer (CTO)
Data Manager,12,Title_Case,Gerência,TI,['OK'],EN/DE,Data Manager
PHP Developer,13,Misto,Outros,TI,['OK'],Outro,Php Developer
Manager datascientist,21,Misto,Gerência,TI,['OK'],EN/DE,Data Manager
Data Manager,12,Title_Case,Gerência,TI,['OK'],EN/DE,Data Manager
Data Team Lead,14,Title_Case,Gerência,TI,['OK'],Outro,Data Team Lead
Chief Technology Officer (CTO),30,Misto,C-Level/Diretoria,TI,['Caracteres especiais'],Outro,Chief Technology Officer (CTO)
Head of IT,10,Misto,C-Level/Diretoria,TI,['OK'],Outro,Head of IT
Chief Product and Technology Officer (CPTO),43,Misto,C-Level/Diretoria,TI,['Caracteres especiais'],Outro,Chief Product and Technology officer (Cpto)
Chief Technology Officer (CTO),30,Misto,C-Level/Diretoria,TI,['Caracteres especiais'],Outro,Chief Technology Officer (CTO)
Co-founder of ETIQMEDIA,23,Misto,Outros,Outras,['OK'],Outro,Co-Founder of Etiqmedia
CTO. Chief Technology Officer,29,Misto,C-Level/Diretoria,TI,['Caracteres especiais'],Outro,CTO Chief Technology officer
Compliance Manager,18,Title_Case,Gerência,Outras,['OK'],EN/DE,Compliance Manager
Head of Customer Services,25,Misto,C-Level/Diretoria,Outras,['OK'],Outro,Head of Customer Services
Compliance Manager,18,Title_Case,Gerência,Outras,['OK'],EN/DE,Compliance Manager
Head of IT,10,Misto,C-Level/Diretoria,TI,['OK'],Outro,Head of IT
Consultant ERP,14,Misto,Consultoria,Outras,['OK'],EN,Consultant Erp
Chief Technology Officer (CTO),30,Misto,C-Level/Diretoria,TI,['Caracteres especiais'],Outro,Chief Technology Officer (CTO)
Consultant ERP,14,Misto,Consultoria,Outras,['OK'],EN,Consultant Erp
Compliance Manager,18,Title_Case,Gerência,Outras,['OK'],EN/DE,Compliance Manager
Head of Technology & Innovation,31,Misto,C-Level/Diretoria,TI,['OK'],Outro,Head of Technology & Innovation
Chief Technology Officer (CTO),30,Misto,C-Level/Diretoria,TI,['Caracteres especiais'],Outro,Chief Technology Officer (CTO)
Head of IT,10,Misto,C-Level/Diretoria,TI,['OK'],Outro,Head of IT
Compliance Manager,18,Title_Case,Gerência,Outras,['OK'],EN/DE,Compliance Manager
Head of IT,10,Misto,C-Level/Diretoria,TI,['OK'],Outro,Head of IT
Deputy CISO,11,Misto,Outros,Outras,['OK'],Outro,Deputy Ciso
Head of IT,10,Misto,C-Level/Diretoria,TI,['OK'],Outro,Head of IT
Analista/Programador,20,Title_Case,Analista/Júnior,Outras,['OK'],PT/ES,Analista/Programador
Diretor de tecnologia,21,Misto,C-Level/Diretoria,Outras,['OK'],PT,Diretor De Tecnologia
Head of IT,10,Misto,C-Level/Diretoria,TI,['OK'],Outro,Head of IT
System aministrator,19,Misto,Outros,TI,['OK'],Outro,System Aministrator
Head of IT/Support Engineer,27,Misto,C-Level/Diretoria,TI,['OK'],Outro,Head of IT
Dy. Mgr - Compliance,20,Title_Case,Outros,Outras,['Caracteres especiais'],Outro,Dy Mgr - Compliance
Manager - Compliance,20,Title_Case,Gerência,Outras,['OK'],EN/DE,Manager - Compliance
Chief Technology Officer (CTO),30,Misto,C-Level/Diretoria,TI,['Caracteres especiais'],Outro,Chief Technology Officer (CTO)
Head of IT,10,Misto,C-Level/Diretoria,TI,['OK'],Outro,Head of IT
Diretor de tecnologia,21,Misto,C-Level/Diretoria,Outras,['OK'],PT,Diretor De Tecnologia
Chief Technology Officer (CTO),30,Misto,C-Level/Diretoria,TI,['Caracteres especiais'],Outro,Chief Technology Officer (CTO)
Head of IT,10,Misto,C-Level/Diretoria,TI,['OK'],Outro,Head of IT
Head of IT,10,Misto,C-Level/Diretoria,TI,['OK'],Outro,Head of IT
Head of IT,10,Misto,C-Level/Diretoria,TI,['OK'],Outro,Head of IT
ISMS Manager,12,Misto,Gerência,Outras,['OK'],EN/DE,Isms Manager
Head of IT,10,Misto,C-Level/Diretoria,TI,['OK'],Outro,Head of IT
Head of IT,10,Misto,C-Level/Diretoria,TI,['OK'],Outro,Head of IT
IT Manager,10,Misto,Gerência,TI,['OK'],EN/DE,IT Manager
Head of IT / ISO,16,Misto,C-Level/Diretoria,TI,['OK'],Outro,Head of IT
Head of IT,10,Misto,C-Level/Diretoria,TI,['OK'],Outro,Head of IT
Head of IT,10,Misto,C-Level/Diretoria,TI,['OK'],Outro,Head of IT
Data Manager,12,Title_Case,Gerência,TI,['OK'],EN/DE,Data Manager
Head of IT,10,Misto,C-Level/Diretoria,TI,['OK'],Outro,Head of IT
Head of IT,10,Misto,C-Level/Diretoria,TI,['OK'],Outro,Head of IT
Practice Manager Data Plateform,31,Title_Case,Gerência,TI,['OK'],EN/DE,Data Manager
Chief Technology Officer - CTO,30,Misto,C-Level/Diretoria,TI,['OK'],Outro,Chief Technology Officer (CTO)
Data Manager,12,Title_Case,Gerência,TI,['OK'],EN/DE,Data Manager
Head of IT,10,Misto,C-Level/Diretoria,TI,['OK'],Outro,Head of IT
Membro,6,Title_Case,Outros,Outras,['OK'],Outro,Membro
Membro,6,Title_Case,Outros,Outras,['OK'],Outro,Membro
Head of IT,10,Misto,C-Level/Diretoria,TI,['OK'],Outro,Head of IT
Chief Technology Officer (CTO),30,Misto,C-Level/Diretoria,TI,['Caracteres especiais'],Outro,Chief Technology Officer (CTO)
CTO (Chief Technology Officer),30,Misto,C-Level/Diretoria,TI,['Caracteres especiais'],Outro,CTO (Chief Technology officer)
Clinical Research Associate,27,Title_Case,Outros,Outras,['OK'],Outro,Clinical Research Associate
Data Manager,12,Title_Case,Gerência,TI,['OK'],EN/DE,Data Manager
Chief Technology Officer (CTO),30,Misto,C-Level/Diretoria,TI,['Caracteres especiais'],Outro,Chief Technology Officer (CTO)
Chief Technology Officer,24,Title_Case,C-Level/Diretoria,TI,['OK'],Outro,Chief Technology officer
Regional Manager,16,Title_Case,Gerência,Outras,['OK'],EN/DE,Regional Manager
Project Director,16,Title_Case,C-Level/Diretoria,Outras,['OK'],EN/ES,Project Director
Product Manager,15,Title_Case,Gerência,Produto,['OK'],EN/DE,Product Manager
Unternehmer,11,Title_Case,Outros,Outras,['OK'],Outro,Unternehmer
Geschäftsführer,15,Title_Case,Outros,RH,['OK'],Outro,Geschäftsführer
CTO (Chief Technology Officer),30,Misto,C-Level/Diretoria,TI,['Caracteres especiais'],Outro,CTO (Chief Technology officer)
Head of IT,10,Misto,C-Level/Diretoria,TI,['OK'],Outro,Head of IT
Head of IT,10,Misto,C-Level/Diretoria,TI,['OK'],Outro,Head of IT
Managing Director,17,Title_Case,C-Level/Diretoria,Outras,['OK'],EN/ES,Managing Director
Head of IT,10,Misto,C-Level/Diretoria,TI,['OK'],Outro,Head of IT
Business & Integration Arch Specialist,38,Title_Case,Coordenação/Especialista,Outras,['OK'],EN,Business & Integration Arch Specialist
Global Business Transformation Manager International Health,59,Title_Case,Gerência,Outras,['OK'],EN/DE,Global Business Transformation Manager International Health
Head of IT,10,Misto,C-Level/Diretoria,TI,['OK'],Outro,Head of IT
Freelancer,10,Title_Case,Outros,Outras,['OK'],Outro,Freelancer
Expert gouvernance de données chez Marlink,42,Misto,Outros,Outras,['OK'],Outro,Expert Gouvernance De Données Chez Marlink
Architecte Talend chez CA IMMO,30,Misto,Outros,TI,['OK'],Outro,Architecte Talend Chez Ca Immo
Data Manager,12,Title_Case,Gerência,TI,['OK'],EN/DE,Data Manager
Head of IT,10,Misto,C-Level/Diretoria,TI,['OK'],Outro,Head of IT
Managing Director / Chief Product & Technology Officer (CPO/CTO),64,Misto,C-Level/Diretoria,TI,['Caracteres especiais'],EN/ES,Managing Director / Chief Product & Technology officer (Cpo/CTO)
Compliance Manager,18,Title_Case,Gerência,Outras,['OK'],EN/DE,Compliance Manager
Senior IT Manager,17,Misto,Gerência,TI,['OK'],EN/DE,IT Manager
Head of IT,10,Misto,C-Level/Diretoria,TI,['OK'],Outro,Head of IT
Regulatory Compliance Manager,29,Title_Case,Gerência,Outras,['OK'],EN/DE,Compliance Manager
Technical Writer,16,Title_Case,Outros,TI,['OK'],Outro,Technical Writer
Compliance Manager,18,Title_Case,Gerência,Outras,['OK'],EN/DE,Compliance Manager
Technical Compliance Officer,28,Title_Case,Outros,TI,['OK'],Outro,Technical Compliance officer
Technical Writer,16,Title_Case,Outros,TI,['OK'],Outro,Technical Writer
Chief Technology Officer (CTO),30,Misto,C-Level/Diretoria,TI,['Caracteres especiais'],Outro,Chief Technology Officer (CTO)
Chief Technology Officer (CTO),30,Misto,C-Level/Diretoria,TI,['Caracteres especiais'],Outro,Chief Technology Officer (CTO)
Data Manager,12,Title_Case,Gerência,TI,['OK'],EN/DE,Data Manager
Business Analyst,16,Title_Case,Analista/Júnior,Outras,['OK'],EN,Business Analyst
Data manager,12,Misto,Gerência,TI,['OK'],EN/DE,Data Manager
Data Manager,12,Title_Case,Gerência,TI,['OK'],EN/DE,Data Manager
Data Manager,12,Title_Case,Gerência,TI,['OK'],EN/DE,Data Manager
Head of IT,10,Misto,C-Level/Diretoria,TI,['OK'],Outro,Head of IT
Data Manager,12,Title_Case,Gerência,TI,['OK'],EN/DE,Data Manager
Head of IT,10,Misto,C-Level/Diretoria,TI,['OK'],Outro,Head of IT
Business Development Management CPQ SaaS,40,Misto,Outros,Comercial,['OK'],Outro,Business Development Management Cpq Saas
Member of the Management Board,30,Misto,Outros,Outras,['OK'],Outro,Member of The Management Board
Chief Technology Officer (CTO),30,Misto,C-Level/Diretoria,TI,['Caracteres especiais'],Outro,Chief Technology Officer (CTO)
Engineering Resource Manager,28,Title_Case,Gerência,TI,['OK'],EN/DE,Engineering Resource Manager
Head of IT,10,Misto,C-Level/Diretoria,TI,['OK'],Outro,Head of IT
Chief Technology Officer (CTO),30,Misto,C-Level/Diretoria,TI,['Caracteres especiais'],Outro,Chief Technology Officer (CTO)
Data Manager,12,Title_Case,Gerência,TI,['OK'],EN/DE,Data Manager
Business Development Manager,28,Title_Case,Gerência,Comercial,['OK'],EN/DE,Business Development Manager
CEO & Founder,13,Misto,C-Level/Diretoria,Outras,['OK'],Outro,CEO & Founder
Chief Technology Officer (CTO),30,Misto,C-Level/Diretoria,TI,['Caracteres especiais'],Outro,Chief Technology Officer (CTO)
CTO - Chief Technology Officer,30,Misto,C-Level/Diretoria,TI,['OK'],Outro,Chief Technology Officer (CTO)
Jefe Departamento,17,Title_Case,Outros,Outras,['OK'],Outro,Jefe Departamento
Head of IT,10,Misto,C-Level/Diretoria,TI,['OK'],Outro,Head of IT
Strategic Data Consultant,25,Title_Case,Consultoria,TI,['OK'],EN,Strategic Data Consultant
Business Architect,18,Title_Case,Outros,TI,['OK'],Outro,Business Architect
Head of IT,10,Misto,C-Level/Diretoria,TI,['OK'],Outro,Head of IT
Head of IT,10,Misto,C-Level/Diretoria,TI,['OK'],Outro,Head of IT
Head of IT,10,Misto,C-Level/Diretoria,TI,['OK'],Outro,Head of IT
Head of IT,10,Misto,C-Level/Diretoria,TI,['OK'],Outro,Head of IT
Teamlead Data Center Services | Senior Security Engineer - Domain Services & Cloud IAM,86,Misto,Gerência,TI,['Caracteres especiais'],Outro,Teamlead Data Center Services Senior Security Engineer - Domain Services & Cloud Iam
Board Member,12,Title_Case,Outros,Outras,['OK'],Outro,Board Member
Head of IT,10,Misto,C-Level/Diretoria,TI,['OK'],Outro,Head of IT
Compliance Manager,18,Title_Case,Gerência,Outras,['OK'],EN/DE,Compliance Manager
Interne IT Services / Produktmanager Endpoint Security,54,Misto,Gerência,TI,['OK'],EN/DE,Interne IT Services / Produktmanager Endpoint Security
IT-Manager,10,Misto,Gerência,TI,['OK'],EN/DE,IT-Manager
Compliance-Manager,18,Title_Case,Gerência,Outras,['OK'],EN/DE,Compliance Manager
IT-Services,11,Misto,Outros,TI,['OK'],Outro,IT-Services
Interne IT Services / Produktmanager Endpoint Security,54,Misto,Gerência,TI,['OK'],EN/DE,Interne IT Services / Produktmanager Endpoint Security
Head of IT,10,Misto,C-Level/Diretoria,TI,['OK'],Outro,Head of IT
CTO (Chief Technology Officer),30,Misto,C-Level/Diretoria,TI,['Caracteres especiais'],Outro,CTO (Chief Technology officer)
Head of IT,10,Misto,C-Level/Diretoria,TI,['OK'],Outro,Head of IT
Data Manager,12,Title_Case,Gerência,TI,['OK'],EN/DE,Data Manager
Data manager,12,Misto,Gerência,TI,['OK'],EN/DE,Data Manager
Datamanager,11,Title_Case,Gerência,TI,['OK'],EN/DE,Data Manager
Professor of differents Official Master's Degree.,49,Misto,Outros,Outras,['Caracteres especiais'],Outro,Professor of Differents official MasterS Degree
Chief Technology Officer (CTO),30,Misto,C-Level/Diretoria,TI,['Caracteres especiais'],Outro,Chief Technology Officer (CTO)
Chief Technology Officer (CTO),30,Misto,C-Level/Diretoria,TI,['Caracteres especiais'],Outro,Chief Technology Officer (CTO)
Head of IT,10,Misto,C-Level/Diretoria,TI,['OK'],Outro,Head of IT
Compliance Manager,18,Title_Case,Gerência,Outras,['OK'],EN/DE,Compliance Manager
Compliance Manager,18,Title_Case,Gerência,Outras,['OK'],EN/DE,Compliance Manager
Compliance Line Manager,23,Title_Case,Gerência,Outras,['OK'],EN/DE,Compliance Line Manager
Compliance Manager,18,Title_Case,Gerência,Outras,['OK'],EN/DE,Compliance Manager
Corporate Compliance Manager,28,Title_Case,Gerência,Outras,['OK'],EN/DE,Compliance Manager
Head of IT,10,Misto,C-Level/Diretoria,TI,['OK'],Outro,Head of IT
Compliance Manager,18,Title_Case,Gerência,Outras,['OK'],EN/DE,Compliance Manager
Manager Data,12,Title_Case,Gerência,TI,['OK'],EN/DE,Data Manager
Data Manager,12,Title_Case,Gerência,TI,['OK'],EN/DE,Data Manager
Co-Funder - Co-Owner,20,Title_Case,Outros,Outras,['OK'],Outro,Co-Funder - Co-Owner
Administrator - Cooperator,26,Title_Case,Outros,Outras,['OK'],Outro,Administrator - Cooperator
Head of IT,10,Misto,C-Level/Diretoria,TI,['OK'],Outro,Head of IT
IT-Administrator,16,Misto,Outros,TI,['OK'],Outro,IT-Administrator
SAP Certified Technical Consultant,34,Misto,Consultoria,TI,['OK'],EN,Sap Certified Technical Consultant
Compliance Manager,18,Title_Case,Gerência,Outras,['OK'],EN/DE,Compliance Manager
Head of IT,10,Misto,C-Level/Diretoria,TI,['OK'],Outro,Head of IT
Lead IT Systemadministrator,27,Misto,Gerência,TI,['OK'],Outro,Lead IT Systemadministrator
Associé,7,Title_Case,Outros,Outras,['OK'],Outro,Associé
Associé,7,Title_Case,Outros,Outras,['OK'],Outro,Associé
Head of IT,10,Misto,C-Level/Diretoria,TI,['OK'],Outro,Head of IT
Head of IT,10,Misto,C-Level/Diretoria,TI,['OK'],Outro,Head of IT
Software Architect,18,Title_Case,Outros,TI,['OK'],Outro,Software Architect
Data Manager,12,Title_Case,Gerência,TI,['OK'],EN/DE,Data Manager
Unternehmer,11,Title_Case,Outros,Outras,['OK'],Outro,Unternehmer
Compliance Manager,18,Title_Case,Gerência,Outras,['OK'],EN/DE,Compliance Manager
Data Manager,12,Title_Case,Gerência,TI,['OK'],EN/DE,Data Manager
Compliance Manager,18,Title_Case,Gerência,Outras,['OK'],EN/DE,Compliance Manager
Senior Software Engineer,24,Title_Case,Outros,TI,['OK'],Outro,Senior Software Engineer
Data Manager,12,Title_Case,Gerência,TI,['OK'],EN/DE,Data Manager
Research Assistant,18,Title_Case,Analista/Júnior,Outras,['OK'],EN,Research Assistant
Data manager,12,Misto,Gerência,TI,['OK'],EN/DE,Data Manager
Chief Technology Officer (CTO),30,Misto,C-Level/Diretoria,TI,['Caracteres especiais'],Outro,Chief Technology Officer (CTO)
CTO (Chief Technology Officer),30,Misto,C-Level/Diretoria,TI,['Caracteres especiais'],Outro,CTO (Chief Technology officer)
Compliance Manager,18,Title_Case,Gerência,Outras,['OK'],EN/DE,Compliance Manager
Data Manager,12,Title_Case,Gerência,TI,['OK'],EN/DE,Data Manager
Head of IT,10,Misto,C-Level/Diretoria,TI,['OK'],Outro,Head of IT
Head of IT,10,Misto,C-Level/Diretoria,TI,['OK'],Outro,Head of IT
Ausbilder,9,Title_Case,Outros,Dados,['OK'],Outro,Ausbilder
Compliance Monitoring Manager,29,Title_Case,Gerência,TI,['OK'],EN/DE,Compliance Monitoring Manager
Head of IT,10,Misto,C-Level/Diretoria,TI,['OK'],Outro,Head of IT
Director of Engineering – IR Cockpit,36,Misto,C-Level/Diretoria,TI,['Caracteres especiais'],EN/ES,Director of Engineering Ir Cockpit
Head of IT,10,Misto,C-Level/Diretoria,TI,['OK'],Outro,Head of IT
Head of IT,10,Misto,C-Level/Diretoria,TI,['OK'],Outro,Head of IT
Head of IT,10,Misto,C-Level/Diretoria,TI,['OK'],Outro,Head of IT
Head of Product and Technology,30,Misto,C-Level/Diretoria,TI,['OK'],Outro,Head of Product and Technology
Head of Product and Technology,30,Misto,C-Level/Diretoria,TI,['OK'],Outro,Head of Product and Technology
Chief Information Security Officer,34,Title_Case,C-Level/Diretoria,TI,['OK'],Outro,Chief Information Security officer
Compliance Manager,18,Title_Case,Gerência,Outras,['OK'],EN/DE,Compliance Manager
Compliance Manager,18,Title_Case,Gerência,Outras,['OK'],EN/DE,Compliance Manager
Compliance-Manager,18,Title_Case,Gerência,Outras,['OK'],EN/DE,Compliance Manager
Chief Technology Officer / CTO,30,Misto,C-Level/Diretoria,TI,['OK'],Outro,Chief Technology Officer (CTO)
Chief Technology Officer / CTO,30,Misto,C-Level/Diretoria,TI,['OK'],Outro,Chief Technology Officer (CTO)
Head of IT,10,Misto,C-Level/Diretoria,TI,['OK'],Outro,Head of IT
Head of IT,10,Misto,C-Level/Diretoria,TI,['OK'],Outro,Head of IT
Technology Consultant,21,Title_Case,Consultoria,TI,['OK'],EN,Technology Consultant
Senior Software Developer / Architect,37,Title_Case,Outros,TI,['OK'],Outro,Senior Software Developer / Architect
Senior Developer,16,Title_Case,Outros,TI,['OK'],Outro,Senior Developer
Head of IT,10,Misto,C-Level/Diretoria,TI,['OK'],Outro,Head of IT
Prozess- & IT-Management,24,Misto,Outros,TI,['OK'],Outro,Prozess- & IT-Management
Head of IT,10,Misto,C-Level/Diretoria,TI,['OK'],Outro,Head of IT
Prozess- & IT-Management,24,Misto,Outros,TI,['OK'],Outro,Prozess- & IT-Management
Compliance Manager,18,Title_Case,Gerência,Outras,['OK'],EN/DE,Compliance Manager
Head of IT,10,Misto,C-Level/Diretoria,TI,['OK'],Outro,Head of IT
Consultant,10,Title_Case,Consultoria,Outras,['OK'],EN,Consultant
Chief Technology Officer (CTO),30,Misto,C-Level/Diretoria,TI,['Caracteres especiais'],Outro,Chief Technology Officer (CTO)
CTO. Chief Technology Officer,29,Misto,C-Level/Diretoria,TI,['Caracteres especiais'],Outro,CTO Chief Technology officer
Co-founder of ETIQMEDIA,23,Misto,Outros,Outras,['OK'],Outro,Co-Founder of Etiqmedia
Chief Operating Officer (COO),29,Misto,C-Level/Diretoria,Outras,['Caracteres especiais'],Outro,Chief Operating officer (Coo)
Chief Technology Officer (CTO),30,Misto,C-Level/Diretoria,TI,['Caracteres especiais'],Outro,Chief Technology Officer (CTO)
Geschäftsführer,15,Title_Case,Outros,RH,['OK'],Outro,Geschäftsführer
Chief Technology Officer (CTO),30,Misto,C-Level/Diretoria,TI,['Caracteres especiais'],Outro,Chief Technology Officer (CTO)
Compliance Manager,18,Title_Case,Gerência,Outras,['OK'],EN/DE,Compliance Manager
Legal Compliance and Data Privacy Specialist,44,Misto,Coordenação/Especialista,TI,['OK'],EN,Legal Compliance and Data Privacy Specialist
Head of IT,10,Misto,C-Level/Diretoria,TI,['OK'],Outro,Head of IT
Compliance Manager,18,Title_Case,Gerência,Outras,['OK'],EN/DE,Compliance Manager
Head of IT,10,Misto,C-Level/Diretoria,TI,['OK'],Outro,Head of IT
Co-fondateur,12,Misto,Outros,Outras,['OK'],Outro,Co-Fondateur
Chief Technology Officer (CTO),30,Misto,C-Level/Diretoria,TI,['Caracteres especiais'],Outro,Chief Technology Officer (CTO)
Chief Technology Officer (CTO),30,Misto,C-Level/Diretoria,TI,['Caracteres especiais'],Outro,Chief Technology Officer (CTO)
Team Lead IIoT,14,Misto,Gerência,Outras,['OK'],Outro,Team Lead Iiot
Head of IT,10,Misto,C-Level/Diretoria,TI,['OK'],Outro,Head of IT
Head of IT Infrastructure & Services,36,Misto,C-Level/Diretoria,TI,['OK'],Outro,Head of IT
Team Lead IIoT,14,Misto,Gerência,Outras,['OK'],Outro,Team Lead Iiot
Senior Project Lead,19,Title_Case,Gerência,Outras,['OK'],Outro,Senior Project Lead
Head of IT,10,Misto,C-Level/Diretoria,TI,['OK'],Outro,Head of IT
IT-Systemadministrator,22,Misto,Outros,TI,['OK'],Outro,IT-Systemadministrator
Compliance Manager,18,Title_Case,Gerência,Outras,['OK'],EN/DE,Compliance Manager
Partner Compliance Manager,26,Title_Case,Gerência,Outras,['OK'],EN/DE,Compliance Manager
Data Manager,12,Title_Case,Gerência,TI,['OK'],EN/DE,Data Manager
Data Manager,12,Title_Case,Gerência,TI,['OK'],EN/DE,Data Manager
Compliance Manager,18,Title_Case,Gerência,Outras,['OK'],EN/DE,Compliance Manager
Compliance Manager,18,Title_Case,Gerência,Outras,['OK'],EN/DE,Compliance Manager
Senior Information Security Specialist,38,Title_Case,Coordenação/Especialista,TI,['OK'],EN,Senior Information Security Specialist
Compliance Manager,18,Title_Case,Gerência,Outras,['OK'],EN/DE,Compliance Manager
Compliance-Manager,18,Title_Case,Gerência,Outras,['OK'],EN/DE,Compliance Manager
Data Manager,12,Title_Case,Gerência,TI,['OK'],EN/DE,Data Manager
Data manager,12,Misto,Gerência,TI,['OK'],EN/DE,Data Manager
Data Manager,12,Title_Case,Gerência,TI,['OK'],EN/DE,Data Manager
Compliance-Manager,18,Title_Case,Gerência,Outras,['OK'],EN/DE,Compliance Manager
Data Manager,12,Title_Case,Gerência,TI,['OK'],EN/DE,Data Manager
Compliance Manager,18,Title_Case,Gerência,Outras,['OK'],EN/DE,Compliance Manager
Compliance Manager,18,Title_Case,Gerência,Outras,['OK'],EN/DE,Compliance Manager
Compliance Manager,18,Title_Case,Gerência,Outras,['OK'],EN/DE,Compliance Manager
Data Manager,12,Title_Case,Gerência,TI,['OK'],EN/DE,Data Manager
Data Manager,12,Title_Case,Gerência,TI,['OK'],EN/DE,Data Manager
Data Manager,12,Title_Case,Gerência,TI,['OK'],EN/DE,Data Manager
Compliance Manager,18,Title_Case,Gerência,Outras,['OK'],EN/DE,Compliance Manager
Head of IT,10,Misto,C-Level/Diretoria,TI,['OK'],Outro,Head of IT
Compliance Manager,18,Title_Case,Gerência,Outras,['OK'],EN/DE,Compliance Manager
Data Manager,12,Title_Case,Gerência,TI,['OK'],EN/DE,Data Manager
Compliance Manager,18,Title_Case,Gerência,Outras,['OK'],EN/DE,Compliance Manager
Data Manager,12,Title_Case,Gerência,TI,['OK'],EN/DE,Data Manager
Data Manager,12,Title_Case,Gerência,TI,['OK'],EN/DE,Data Manager
Compliance Manager,18,Title_Case,Gerência,Outras,['OK'],EN/DE,Compliance Manager
Compliance-Manager,18,Title_Case,Gerência,Outras,['OK'],EN/DE,Compliance Manager
Responsable de zone / manager,29,Misto,Gerência,Outras,['OK'],EN/DE,Responsable De Zone / Manager
Data Manager,12,Title_Case,Gerência,TI,['OK'],EN/DE,Data Manager
Data Manager,12,Title_Case,Gerência,TI,['OK'],EN/DE,Data Manager
Data Manager,12,Title_Case,Gerência,TI,['OK'],EN/DE,Data Manager
Data Manager,12,Title_Case,Gerência,TI,['OK'],EN/DE,Data Manager
Data Manager,12,Title_Case,Gerência,TI,['OK'],EN/DE,Data Manager
Data Manager,12,Title_Case,Gerência,TI,['OK'],EN/DE,Data Manager
Data Manager,12,Title_Case,Gerência,TI,['OK'],EN/DE,Data Manager
Data Manager,12,Title_Case,Gerência,TI,['OK'],EN/DE,Data Manager
Data Manager,12,Title_Case,Gerência,TI,['OK'],EN/DE,Data Manager
Head of IT,10,Misto,C-Level/Diretoria,TI,['OK'],Outro,Head of IT
Compliance Manager,18,Title_Case,Gerência,Outras,['OK'],EN/DE,Compliance Manager
Head of IT,10,Misto,C-Level/Diretoria,TI,['OK'],Outro,Head of IT
Head of IT,10,Misto,C-Level/Diretoria,TI,['OK'],Outro,Head of IT
Compliance Manager,18,Title_Case,Gerência,Outras,['OK'],EN/DE,Compliance Manager
Compliance Manager,18,Title_Case,Gerência,Outras,['OK'],EN/DE,Compliance Manager
Compliance Manager,18,Title_Case,Gerência,Outras,['OK'],EN/DE,Compliance Manager
Head of IT,10,Misto,C-Level/Diretoria,TI,['OK'],Outro,Head of IT
Compliance Manager,18,Title_Case,Gerência,Outras,['OK'],EN/DE,Compliance Manager
Compliance Manager,18,Title_Case,Gerência,Outras,['OK'],EN/DE,Compliance Manager
Compliance Manager,18,Title_Case,Gerência,Outras,['OK'],EN/DE,Compliance Manager
Compliance Manager,18,Title_Case,Gerência,Outras,['OK'],EN/DE,Compliance Manager
Compliance Manager,18,Title_Case,Gerência,Outras,['OK'],EN/DE,Compliance Manager
Compliance Manager,18,Title_Case,Gerência,Outras,['OK'],EN/DE,Compliance Manager
Data Manager,12,Title_Case,Gerência,TI,['OK'],EN/DE,Data Manager
Data manager,12,Misto,Gerência,TI,['OK'],EN/DE,Data Manager
Head of IT,10,Misto,C-Level/Diretoria,TI,['OK'],Outro,Head of IT
Dev-Teamlead,12,Title_Case,Gerência,Dados,['OK'],Outro,Dev-Teamlead
Costume Designer,16,Title_Case,Outros,Produto,['OK'],Outro,Costume Designer
Data Manager,12,Title_Case,Gerência,TI,['OK'],EN/DE,Data Manager
Head of IT,10,Misto,C-Level/Diretoria,TI,['OK'],Outro,Head of IT
Data Manager,12,Title_Case,Gerência,TI,['OK'],EN/DE,Data Manager
Head of IT,10,Misto,C-Level/Diretoria,TI,['OK'],Outro,Head of IT
Head of IT,10,Misto,C-Level/Diretoria,TI,['OK'],Outro,Head of IT
Sales Associate,15,Title_Case,Outros,Comercial,['OK'],Outro,Sales Associate
Data Manager,12,Title_Case,Gerência,TI,['OK'],EN/DE,Data Manager
Compliance Manager,18,Title_Case,Gerência,Outras,['OK'],EN/DE,Compliance Manager
Product Compliance Specialist,29,Title_Case,Coordenação/Especialista,Produto,['OK'],EN,Product Compliance Specialist
Head of IT,10,Misto,C-Level/Diretoria,TI,['OK'],Outro,Head of IT
Consultant senior,17,Misto,Consultoria,Outras,['OK'],EN,Consultant Senior
Head of IT,10,Misto,C-Level/Diretoria,TI,['OK'],Outro,Head of IT
Head of IT,10,Misto,C-Level/Diretoria,TI,['OK'],Outro,Head of IT
Compliance Manager,18,Title_Case,Gerência,Outras,['OK'],EN/DE,Compliance Manager
Compliance Manager,18,Title_Case,Gerência,Outras,['OK'],EN/DE,Compliance Manager
Data manager,12,Misto,Gerência,TI,['OK'],EN/DE,Data Manager
Data manager,12,Misto,Gerência,TI,['OK'],EN/DE,Data Manager
Head of IT,10,Misto,C-Level/Diretoria,TI,['OK'],Outro,Head of IT
compliance manager,18,tudo_minúsculo,Gerência,Outras,['OK'],EN/DE,Compliance Manager
Compliance Manager,18,Title_Case,Gerência,Outras,['OK'],EN/DE,Compliance Manager
Compliance manager,18,Misto,Gerência,Outras,['OK'],EN/DE,Compliance Manager
Data Manager,12,Title_Case,Gerência,TI,['OK'],EN/DE,Data Manager
Data Manager,12,Title_Case,Gerência,TI,['OK'],EN/DE,Data Manager
Data Manager,12,Title_Case,Gerência,TI,['OK'],EN/DE,Data Manager
Data Manager,12,Title_Case,Gerência,TI,['OK'],EN/DE,Data Manager
Head of IT,10,Misto,C-Level/Diretoria,TI,['OK'],Outro,Head of IT
Head of IT,10,Misto,C-Level/Diretoria,TI,['OK'],Outro,Head of IT
Data Manager,12,Title_Case,Gerência,TI,['OK'],EN/DE,Data Manager
Compliance Manager,18,Title_Case,Gerência,Outras,['OK'],EN/DE,Compliance Manager
Compliance Manager,18,Title_Case,Gerência,Outras,['OK'],EN/DE,Compliance Manager
Head of IT,10,Misto,C-Level/Diretoria,TI,['OK'],Outro,Head of IT
Manager Data,12,Title_Case,Gerência,TI,['OK'],EN/DE,Data Manager
Head of IT,10,Misto,C-Level/Diretoria,TI,['OK'],Outro,Head of IT
Compliance Manager,18,Title_Case,Gerência,Outras,['OK'],EN/DE,Compliance Manager
Data Manager,12,Title_Case,Gerência,TI,['OK'],EN/DE,Data Manager
Esports Trader,14,Title_Case,Outros,Outras,['OK'],Outro,Esports Trader
Data Manager,12,Title_Case,Gerência,TI,['OK'],EN/DE,Data Manager
Data manager,12,Misto,Gerência,TI,['OK'],EN/DE,Data Manager
Ingénieur d'etude,17,Misto,Outros,Outras,['Caracteres especiais'],Outro,Ingénieur DEtude
Product Owner Data (Cloud Infrastruture),40,Title_Case,Outros,TI,['Caracteres especiais'],Outro,Product Owner Data (Cloud Infrastruture)
Project manager Data (Microsoft Azure),38,Misto,Gerência,TI,['Caracteres especiais'],EN/DE,Data Manager
Data Manager,12,Title_Case,Gerência,TI,['OK'],EN/DE,Data Manager
Compliance Manager,18,Title_Case,Gerência,Outras,['OK'],EN/DE,Compliance Manager
Head of Risk Management and Compliance,38,Misto,C-Level/Diretoria,Outras,['OK'],Outro,Head of Risk Management and Compliance
Compliance Manager,18,Title_Case,Gerência,Outras,['OK'],EN/DE,Compliance Manager
Compliance Officer,18,Title_Case,Outros,Outras,['OK'],Outro,Compliance officer
Head of IT,10,Misto,C-Level/Diretoria,TI,['OK'],Outro,Head of IT
Head of IT,10,Misto,C-Level/Diretoria,TI,['OK'],Outro,Head of IT
Head of IT,10,Misto,C-Level/Diretoria,TI,['OK'],Outro,Head of IT
Head of IT,10,Misto,C-Level/Diretoria,TI,['OK'],Outro,Head of IT
Head of IT,10,Misto,C-Level/Diretoria,TI,['OK'],Outro,Head of IT
Compliance Manager,18,Title_Case,Gerência,Outras,['OK'],EN/DE,Compliance Manager
Head of IT,10,Misto,C-Level/Diretoria,TI,['OK'],Outro,Head of IT
CTO,3,TUDO_MAIÚSCULO,C-Level/Diretoria,Outras,['OK'],Outro,Chief Technology Officer (CTO)
CTO,3,TUDO_MAIÚSCULO,C-Level/Diretoria,Outras,['OK'],Outro,Chief Technology Officer (CTO)
CTO,3,TUDO_MAIÚSCULO,C-Level/Diretoria,Outras,['OK'],Outro,Chief Technology Officer (CTO)
CTO,3,TUDO_MAIÚSCULO,C-Level/Diretoria,Outras,['OK'],Outro,Chief Technology Officer (CTO)
Chief Technology Officer (CTO),30,Misto,C-Level/Diretoria,TI,['Caracteres especiais'],Outro,Chief Technology Officer (CTO)
Chief Technology Officer (CTO),30,Misto,C-Level/Diretoria,TI,['Caracteres especiais'],Outro,Chief Technology Officer (CTO)
Chief Technology Officer (CTO),30,Misto,C-Level/Diretoria,TI,['Caracteres especiais'],Outro,Chief Technology Officer (CTO)
Chief Technology Officer (CTO),30,Misto,C-Level/Diretoria,TI,['Caracteres especiais'],Outro,Chief Technology Officer (CTO)
CTO -Chief Technology Officer,29,Misto,C-Level/Diretoria,TI,['OK'],Outro,Chief Technology Officer (CTO)
Project Manager,15,Title_Case,Gerência,Outras,['OK'],EN/DE,Project Manager
Chief Technology Officer (CTO),30,Misto,C-Level/Diretoria,TI,['Caracteres especiais'],Outro,Chief Technology Officer (CTO)
Chief Technology Officer (CTO),30,Misto,C-Level/Diretoria,TI,['Caracteres especiais'],Outro,Chief Technology Officer (CTO)
Chief Technology Officer (CTO),30,Misto,C-Level/Diretoria,TI,['Caracteres especiais'],Outro,Chief Technology Officer (CTO)
Chief Technology Officer (CTO),30,Misto,C-Level/Diretoria,TI,['Caracteres especiais'],Outro,Chief Technology Officer (CTO)
Chief Technology Officer (CTO),30,Misto,C-Level/Diretoria,TI,['Caracteres especiais'],Outro,Chief Technology Officer (CTO)
Chief Technology Officer (CTO),30,Misto,C-Level/Diretoria,TI,['Caracteres especiais'],Outro,Chief Technology Officer (CTO)
Chief Technology Officer | CTO,30,Misto,C-Level/Diretoria,TI,['Caracteres especiais'],Outro,Chief Technology Officer (CTO)
Chief Technology Officer [ CTO ],32,Misto,C-Level/Diretoria,TI,['Caracteres especiais'],Outro,"Chief Technology officer CTO "
Chief Technology Officer CTO,28,Misto,C-Level/Diretoria,TI,['OK'],Outro,Chief Technology Officer (CTO)
Chief Technology Officer (CTO),30,Misto,C-Level/Diretoria,TI,['Caracteres especiais'],Outro,Chief Technology Officer (CTO)
IT Manager,10,Misto,Gerência,TI,['OK'],EN/DE,IT Manager
Head of IT,10,Misto,C-Level/Diretoria,TI,['OK'],Outro,Head of IT
Data Manager,12,Title_Case,Gerência,TI,['OK'],EN/DE,Data Manager
Data Manager,12,Title_Case,Gerência,TI,['OK'],EN/DE,Data Manager
Data Manager,12,Title_Case,Gerência,TI,['OK'],EN/DE,Data Manager
Head of IT,10,Misto,C-Level/Diretoria,TI,['OK'],Outro,Head of IT
CTO (Chief Technology Officer),30,Misto,C-Level/Diretoria,TI,['Caracteres especiais'],Outro,CTO (Chief Technology officer)
Chief Information Officer,25,Title_Case,C-Level/Diretoria,Outras,['OK'],Outro,Chief Information officer
Head of IT,10,Misto,C-Level/Diretoria,TI,['OK'],Outro,Head of IT
System Administrator,20,Title_Case,Outros,TI,['OK'],Outro,System Administrator
Head of IT,10,Misto,C-Level/Diretoria,TI,['OK'],Outro,Head of IT
Senior Manager,14,Title_Case,Gerência,Outras,['OK'],EN/DE,Senior Manager
Manager (Compliance),20,Title_Case,Gerência,Outras,['Caracteres especiais'],EN/DE,Manager (Compliance)
Data Manager,12,Title_Case,Gerência,TI,['OK'],EN/DE,Data Manager
Data manager,12,Misto,Gerência,TI,['OK'],EN/DE,Data Manager
Compliance Manager,18,Title_Case,Gerência,Outras,['OK'],EN/DE,Compliance Manager
Datamanager,11,Title_Case,Gerência,TI,['OK'],EN/DE,Data Manager
Compliance Manager,18,Title_Case,Gerência,Outras,['OK'],EN/DE,Compliance Manager
Compliance Manager,18,Title_Case,Gerência,Outras,['OK'],EN/DE,Compliance Manager
Compliance Manager,18,Title_Case,Gerência,Outras,['OK'],EN/DE,Compliance Manager
Data Manager,12,Title_Case,Gerência,TI,['OK'],EN/DE,Data Manager
Compliance Manager,18,Title_Case,Gerência,Outras,['OK'],EN/DE,Compliance Manager
Data Manager,12,Title_Case,Gerência,TI,['OK'],EN/DE,Data Manager
Head of IT,10,Misto,C-Level/Diretoria,TI,['OK'],Outro,Head of IT
Compliance Manager,18,Title_Case,Gerência,Outras,['OK'],EN/DE,Compliance Manager
Compliance Manager,18,Title_Case,Gerência,Outras,['OK'],EN/DE,Compliance Manager
Compliance Manager,18,Title_Case,Gerência,Outras,['OK'],EN/DE,Compliance Manager
Compliance-Manager,18,Title_Case,Gerência,Outras,['OK'],EN/DE,Compliance Manager
Data Manager,12,Title_Case,Gerência,TI,['OK'],EN/DE,Data Manager
Compliance Manager,18,Title_Case,Gerência,Outras,['OK'],EN/DE,Compliance Manager
Compliance Manager,18,Title_Case,Gerência,Outras,['OK'],EN/DE,Compliance Manager
Compliance-Manager,18,Title_Case,Gerência,Outras,['OK'],EN/DE,Compliance Manager
Compliance-Manager,18,Title_Case,Gerência,Outras,['OK'],EN/DE,Compliance Manager
Leiter Operations,17,Title_Case,Outros,TI,['OK'],DE,Leiter Operations
Head of Operations,18,Misto,C-Level/Diretoria,Operações,['OK'],Outro,Head of Operations
Head of IT,10,Misto,C-Level/Diretoria,TI,['OK'],Outro,Head of IT
Head of Division Technology Consulting,38,Misto,C-Level/Diretoria,TI,['OK'],Outro,Head of Division Technology Consulting
Compliance Manager,18,Title_Case,Gerência,Outras,['OK'],EN/DE,Compliance Manager
Compliance Manager,18,Title_Case,Gerência,Outras,['OK'],EN/DE,Compliance Manager
Data Manager,12,Title_Case,Gerência,TI,['OK'],EN/DE,Data Manager
Conseil & Transition Manager - Société Générale African Business Services,73,Title_Case,Gerência,TI,['OK'],EN/DE,Conseil & Transition Manager - Société Générale African Business Services
Manager Data,12,Title_Case,Gerência,TI,['OK'],EN/DE,Data Manager
Data Manager,12,Title_Case,Gerência,TI,['OK'],EN/DE,Data Manager
Datamanager,11,Title_Case,Gerência,TI,['OK'],EN/DE,Data Manager
Freelance Developer,19,Title_Case,Outros,TI,['OK'],Outro,Freelance Developer
Compliance Manager,18,Title_Case,Gerência,Outras,['OK'],EN/DE,Compliance Manager
Data Manager,12,Title_Case,Gerência,TI,['OK'],EN/DE,Data Manager
Compliance-Manager,18,Title_Case,Gerência,Outras,['OK'],EN/DE,Compliance Manager
Compliance Manager,18,Title_Case,Gerência,Outras,['OK'],EN/DE,Compliance Manager
Compliance Analyst,18,Title_Case,Analista/Júnior,Outras,['OK'],EN,Compliance Analyst
Compliance Manager,18,Title_Case,Gerência,Outras,['OK'],EN/DE,Compliance Manager
Head of IT,10,Misto,C-Level/Diretoria,TI,['OK'],Outro,Head of IT
Senior Intl. Client Data Steward,32,Title_Case,Outros,TI,['Caracteres especiais'],Outro,Senior Intl Client Data Steward
Data Manager,12,Title_Case,Gerência,TI,['OK'],EN/DE,Data Manager
Compliance Manager,18,Title_Case,Gerência,Outras,['OK'],EN/DE,Compliance Manager
Compliance Manager,18,Title_Case,Gerência,Outras,['OK'],EN/DE,Compliance Manager
Head of IT,10,Misto,C-Level/Diretoria,TI,['OK'],Outro,Head of IT
IT Infrastructure Engineer,26,Misto,Outros,TI,['OK'],Outro,IT Infrastructure Engineer
Compliance Manager,18,Title_Case,Gerência,Outras,['OK'],EN/DE,Compliance Manager
Head of IT,10,Misto,C-Level/Diretoria,TI,['OK'],Outro,Head of IT
Head of IT,10,Misto,C-Level/Diretoria,TI,['OK'],Outro,Head of IT
Head of IT,10,Misto,C-Level/Diretoria,TI,['OK'],Outro,Head of IT
Head of IT,10,Misto,C-Level/Diretoria,TI,['OK'],Outro,Head of IT
Data Manager,12,Title_Case,Gerência,TI,['OK'],EN/DE,Data Manager
Data Manager,12,Title_Case,Gerência,TI,['OK'],EN/DE,Data Manager
Expert Business Intelligence,28,Title_Case,Outros,Dados,['OK'],Outro,Expert Business Intelligence
Data Manager,12,Title_Case,Gerência,TI,['OK'],EN/DE,Data Manager
Data Manager,12,Title_Case,Gerência,TI,['OK'],EN/DE,Data Manager
Manager data,12,Misto,Gerência,TI,['OK'],EN/DE,Data Manager
Data Manager,12,Title_Case,Gerência,TI,['OK'],EN/DE,Data Manager
Data Manager,12,Title_Case,Gerência,TI,['OK'],EN/DE,Data Manager
Data Manager,12,Title_Case,Gerência,TI,['OK'],EN/DE,Data Manager
Data Manager,12,Title_Case,Gerência,TI,['OK'],EN/DE,Data Manager
Data Manager,12,Title_Case,Gerência,TI,['OK'],EN/DE,Data Manager
Head of IT,10,Misto,C-Level/Diretoria,TI,['OK'],Outro,Head of IT
Data Manager,12,Title_Case,Gerência,TI,['OK'],EN/DE,Data Manager
Head of IT,10,Misto,C-Level/Diretoria,TI,['OK'],Outro,Head of IT
Head of IT,10,Misto,C-Level/Diretoria,TI,['OK'],Outro,Head of IT
Compliance Manager,18,Title_Case,Gerência,Outras,['OK'],EN/DE,Compliance Manager
Head of IT,10,Misto,C-Level/Diretoria,TI,['OK'],Outro,Head of IT
Head of IT,10,Misto,C-Level/Diretoria,TI,['OK'],Outro,Head of IT
Head of IT,10,Misto,C-Level/Diretoria,TI,['OK'],Outro,Head of IT
Product Manager,15,Title_Case,Gerência,Produto,['OK'],EN/DE,Product Manager
Head of IT,10,Misto,C-Level/Diretoria,TI,['OK'],Outro,Head of IT
Head of IT,10,Misto,C-Level/Diretoria,TI,['OK'],Outro,Head of IT
Head of IT,10,Misto,C-Level/Diretoria,TI,['OK'],Outro,Head of IT
Compliance-Manager,18,Title_Case,Gerência,Outras,['OK'],EN/DE,Compliance Manager
Head of IT,10,Misto,C-Level/Diretoria,TI,['OK'],Outro,Head of IT
Compliance Manager,18,Title_Case,Gerência,Outras,['OK'],EN/DE,Compliance Manager
Compliance Manager,18,Title_Case,Gerência,Outras,['OK'],EN/DE,Compliance Manager
Compliance Manager,18,Title_Case,Gerência,Outras,['OK'],EN/DE,Compliance Manager
Manager Compliance,18,Title_Case,Gerência,Outras,['OK'],EN/DE,Compliance Manager
Compliance Manager,18,Title_Case,Gerência,Outras,['OK'],EN/DE,Compliance Manager
Compliance Manager,18,Title_Case,Gerência,Outras,['OK'],EN/DE,Compliance Manager
Compliance Manager,18,Title_Case,Gerência,Outras,['OK'],EN/DE,Compliance Manager
Head of IT,10,Misto,C-Level/Diretoria,TI,['OK'],Outro,Head of IT
Head of IT,10,Misto,C-Level/Diretoria,TI,['OK'],Outro,Head of IT
Compliance Manager,18,Title_Case,Gerência,Outras,['OK'],EN/DE,Compliance Manager
Head of IT,10,Misto,C-Level/Diretoria,TI,['OK'],Outro,Head of IT
Data Manager,12,Title_Case,Gerência,TI,['OK'],EN/DE,Data Manager
Chief Technology Officer,24,Title_Case,C-Level/Diretoria,TI,['OK'],Outro,Chief Technology officer
Head of IT,10,Misto,C-Level/Diretoria,TI,['OK'],Outro,Head of IT
Compliance Manager,18,Title_Case,Gerência,Outras,['OK'],EN/DE,Compliance Manager
Manager Data,12,Title_Case,Gerência,TI,['OK'],EN/DE,Data Manager
Compliance Manager,18,Title_Case,Gerência,Outras,['OK'],EN/DE,Compliance Manager
Compliance Manager,18,Title_Case,Gerência,Outras,['OK'],EN/DE,Compliance Manager
Data Manager,12,Title_Case,Gerência,TI,['OK'],EN/DE,Data Manager
Head of IT,10,Misto,C-Level/Diretoria,TI,['OK'],Outro,Head of IT
Compliance Manager,18,Title_Case,Gerência,Outras,['OK'],EN/DE,Compliance Manager
Manager-compliance,18,Misto,Gerência,Outras,['OK'],EN/DE,Manager-Compliance
Head of IT,10,Misto,C-Level/Diretoria,TI,['OK'],Outro,Head of IT
Head of IT,10,Misto,C-Level/Diretoria,TI,['OK'],Outro,Head of IT
Head of IT,10,Misto,C-Level/Diretoria,TI,['OK'],Outro,Head of IT
Compliance Manager,18,Title_Case,Gerência,Outras,['OK'],EN/DE,Compliance Manager
Compliance Manager,18,Title_Case,Gerência,Outras,['OK'],EN/DE,Compliance Manager
Head of IT,10,Misto,C-Level/Diretoria,TI,['OK'],Outro,Head of IT
Compliance Manager,18,Title_Case,Gerência,Outras,['OK'],EN/DE,Compliance Manager
Compliance Manager,18,Title_Case,Gerência,Outras,['OK'],EN/DE,Compliance Manager
Head of People Operations,25,Misto,C-Level/Diretoria,Operações,['OK'],Outro,Head of People Operations
Head of IT,10,Misto,C-Level/Diretoria,TI,['OK'],Outro,Head of IT
Head of IT,10,Misto,C-Level/Diretoria,TI,['OK'],Outro,Head of IT
Data Manager,12,Title_Case,Gerência,TI,['OK'],EN/DE,Data Manager
Head of IT,10,Misto,C-Level/Diretoria,TI,['OK'],Outro,Head of IT
Head of IT,10,Misto,C-Level/Diretoria,TI,['OK'],Outro,Head of IT
Head of IT,10,Misto,C-Level/Diretoria,TI,['OK'],Outro,Head of IT
system administrator,20,tudo_minúsculo,Outros,TI,['OK'],Outro,System Administrator
Internal Support Team Lead,26,Title_Case,Gerência,Outras,['OK'],Outro,Internal Support Team Lead
Chief Technology Officer (CTO),30,Misto,C-Level/Diretoria,TI,['Caracteres especiais'],Outro,Chief Technology Officer (CTO)
Head of IT,10,Misto,C-Level/Diretoria,TI,['OK'],Outro,Head of IT
Head of IT,10,Misto,C-Level/Diretoria,TI,['OK'],Outro,Head of IT
Chief Technology Officer (CTO),30,Misto,C-Level/Diretoria,TI,['Caracteres especiais'],Outro,Chief Technology Officer (CTO)
Data Manager,12,Title_Case,Gerência,TI,['OK'],EN/DE,Data Manager
Data Manager,12,Title_Case,Gerência,TI,['OK'],EN/DE,Data Manager
Head of IT,10,Misto,C-Level/Diretoria,TI,['OK'],Outro,Head of IT
Head of IT,10,Misto,C-Level/Diretoria,TI,['OK'],Outro,Head of IT
Head of IT,10,Misto,C-Level/Diretoria,TI,['OK'],Outro,Head of IT
Head of IT,10,Misto,C-Level/Diretoria,TI,['OK'],Outro,Head of IT
Head of IT,10,Misto,C-Level/Diretoria,TI,['OK'],Outro,Head of IT
Data Manager,12,Title_Case,Gerência,TI,['OK'],EN/DE,Data Manager
Head of IT,10,Misto,C-Level/Diretoria,TI,['OK'],Outro,Head of IT
Head of IT,10,Misto,C-Level/Diretoria,TI,['OK'],Outro,Head of IT
Chief Technology Officer (CTO),30,Misto,C-Level/Diretoria,TI,['Caracteres especiais'],Outro,Chief Technology Officer (CTO)
Head of IT,10,Misto,C-Level/Diretoria,TI,['OK'],Outro,Head of IT
Head of IT,10,Misto,C-Level/Diretoria,TI,['OK'],Outro,Head of IT
Head of IT,10,Misto,C-Level/Diretoria,TI,['OK'],Outro,Head of IT
Compliance Manager,18,Title_Case,Gerência,Outras,['OK'],EN/DE,Compliance Manager
Head of IT,10,Misto,C-Level/Diretoria,TI,['OK'],Outro,Head of IT
CTO / Chief Technology Officer,30,Misto,C-Level/Diretoria,TI,['OK'],Outro,CTO / Chief Technology officer
Data Manager,12,Title_Case,Gerência,TI,['OK'],EN/DE,Data Manager
Data Manager,12,Title_Case,Gerência,TI,['OK'],EN/DE,Data Manager
Compliance Manager,18,Title_Case,Gerência,Outras,['OK'],EN/DE,Compliance Manager
Head of IT,10,Misto,C-Level/Diretoria,TI,['OK'],Outro,Head of IT
Chief Technology Officer (CTO),30,Misto,C-Level/Diretoria,TI,['Caracteres especiais'],Outro,Chief Technology Officer (CTO)
Compliance Manager,18,Title_Case,Gerência,Outras,['OK'],EN/DE,Compliance Manager
Chief Technology Officer (CTO),30,Misto,C-Level/Diretoria,TI,['Caracteres especiais'],Outro,Chief Technology Officer (CTO)
Head of IT,10,Misto,C-Level/Diretoria,TI,['OK'],Outro,Head of IT
Chief Technology Officer (CTO),30,Misto,C-Level/Diretoria,TI,['Caracteres especiais'],Outro,Chief Technology Officer (CTO)
Security Consultant,19,Title_Case,Consultoria,TI,['OK'],EN,Security Consultant
Head of IT,10,Misto,C-Level/Diretoria,TI,['OK'],Outro,Head of IT
Head of IT,10,Misto,C-Level/Diretoria,TI,['OK'],Outro,Head of IT
Head of IT,10,Misto,C-Level/Diretoria,TI,['OK'],Outro,Head of IT
Compliance Manager,18,Title_Case,Gerência,Outras,['OK'],EN/DE,Compliance Manager
Head of IT,10,Misto,C-Level/Diretoria,TI,['OK'],Outro,Head of IT
Head of IT,10,Misto,C-Level/Diretoria,TI,['OK'],Outro,Head of IT
Data Manager,12,Title_Case,Gerência,TI,['OK'],EN/DE,Data Manager
Head Of IT,10,Misto,C-Level/Diretoria,TI,['OK'],Outro,Head of IT
Chief Technology Officer (CTO),30,Misto,C-Level/Diretoria,TI,['Caracteres especiais'],Outro,Chief Technology Officer (CTO)
Chief Technology Officer (CTO),30,Misto,C-Level/Diretoria,TI,['Caracteres especiais'],Outro,Chief Technology Officer (CTO)
Chief Technology Officer,24,Title_Case,C-Level/Diretoria,TI,['OK'],Outro,Chief Technology officer
Head of IT,10,Misto,C-Level/Diretoria,TI,['OK'],Outro,Head of IT
Chief Technology Officer  (CTO),31,Misto,C-Level/Diretoria,TI,"['Caracteres especiais', 'Múltiplos espaços']",Outro,Chief Technology Officer (CTO)
Senior Game Developer,21,Title_Case,Outros,TI,['OK'],Outro,Senior Game Developer
Head of IT,10,Misto,C-Level/Diretoria,TI,['OK'],Outro,Head of IT
Data Manager,12,Title_Case,Gerência,TI,['OK'],EN/DE,Data Manager
Chief Technology Officer (CTO),30,Misto,C-Level/Diretoria,TI,['Caracteres especiais'],Outro,Chief Technology Officer (CTO)
TechLead et Architecte Infrastructure/Spécialiste Nutanix,57,Misto,Gerência,TI,['OK'],Outro,Techlead Et Architecte Infrastructure/Spécialiste Nutanix
Head of IT,10,Misto,C-Level/Diretoria,TI,['OK'],Outro,Head of IT
Head of IT,10,Misto,C-Level/Diretoria,TI,['OK'],Outro,Head of IT
Chief Technology Officer (CTO),30,Misto,C-Level/Diretoria,TI,['Caracteres especiais'],Outro,Chief Technology Officer (CTO)
Chief Technology Officer (CTO),30,Misto,C-Level/Diretoria,TI,['Caracteres especiais'],Outro,Chief Technology Officer (CTO)
Chief Technology Officer (CTO),30,Misto,C-Level/Diretoria,TI,['Caracteres especiais'],Outro,Chief Technology Officer (CTO)
Senior Consultant,17,Title_Case,Consultoria,Outras,['OK'],EN,Senior Consultant
Head of IT,10,Misto,C-Level/Diretoria,TI,['OK'],Outro,Head of IT
Head of IT,10,Misto,C-Level/Diretoria,TI,['OK'],Outro,Head of IT
Head of IT,10,Misto,C-Level/Diretoria,TI,['OK'],Outro,Head of IT
Head of IT,10,Misto,C-Level/Diretoria,TI,['OK'],Outro,Head of IT
CTO - Chief Technology Officer,30,Misto,C-Level/Diretoria,TI,['OK'],Outro,Chief Technology Officer (CTO)
Director de Seguridad e Infraestructuras,40,Misto,C-Level/Diretoria,Outras,['OK'],EN/ES,Director De Seguridad E Infraestructuras
CTO (Chief Technology Officer),30,Misto,C-Level/Diretoria,TI,['Caracteres especiais'],Outro,CTO (Chief Technology officer)
Chief Technology Officer (CTO),30,Misto,C-Level/Diretoria,TI,['Caracteres especiais'],Outro,Chief Technology Officer (CTO)
Chief Technology Officer (CTO),30,Misto,C-Level/Diretoria,TI,['Caracteres especiais'],Outro,Chief Technology Officer (CTO)
Chief Technology Officer (CTO),30,Misto,C-Level/Diretoria,TI,['Caracteres especiais'],Outro,Chief Technology Officer (CTO)
Head of IT,10,Misto,C-Level/Diretoria,TI,['OK'],Outro,Head of IT
Chief Technology Officer (CTO),30,Misto,C-Level/Diretoria,TI,['Caracteres especiais'],Outro,Chief Technology Officer (CTO)
CTO - Chief Technology Officer,30,Misto,C-Level/Diretoria,TI,['OK'],Outro,Chief Technology Officer (CTO)
Compliance Manager,18,Title_Case,Gerência,Outras,['OK'],EN/DE,Compliance Manager
Data Manager,12,Title_Case,Gerência,TI,['OK'],EN/DE,Data Manager
Data Manager,12,Title_Case,Gerência,TI,['OK'],EN/DE,Data Manager
Head of IT,10,Misto,C-Level/Diretoria,TI,['OK'],Outro,Head of IT
Head of IT,10,Misto,C-Level/Diretoria,TI,['OK'],Outro,Head of IT
Chief Technology Officer (CTO),30,Misto,C-Level/Diretoria,TI,['Caracteres especiais'],Outro,Chief Technology Officer (CTO)
Compliance Manager,18,Title_Case,Gerência,Outras,['OK'],EN/DE,Compliance Manager
Data Manager,12,Title_Case,Gerência,TI,['OK'],EN/DE,Data Manager
CTO - Chief Technology Officer,30,Misto,C-Level/Diretoria,TI,['OK'],Outro,Chief Technology Officer (CTO)
Diretor de tecnologia,21,Misto,C-Level/Diretoria,Outras,['OK'],PT,Diretor De Tecnologia
Diretor de tecnologia,21,Misto,C-Level/Diretoria,Outras,['OK'],PT,Diretor De Tecnologia
Compliance Manager,18,Title_Case,Gerência,Outras,['OK'],EN/DE,Compliance Manager
Compliance Manager,18,Title_Case,Gerência,Outras,['OK'],EN/DE,Compliance Manager
Compliance Manager,18,Title_Case,Gerência,Outras,['OK'],EN/DE,Compliance Manager
Compliance Manager,18,Title_Case,Gerência,Outras,['OK'],EN/DE,Compliance Manager
Data Manager,12,Title_Case,Gerência,TI,['OK'],EN/DE,Data Manager
Data manager,12,Misto,Gerência,TI,['OK'],EN/DE,Data Manager
Développeur Web,15,Title_Case,Outros,Outras,['OK'],Outro,Développeur Web
Data Manager,12,Title_Case,Gerência,TI,['OK'],EN/DE,Data Manager
Compliance Manager,18,Title_Case,Gerência,Outras,['OK'],EN/DE,Compliance Manager
Data Manager,12,Title_Case,Gerência,TI,['OK'],EN/DE,Data Manager
Data Manager,12,Title_Case,Gerência,TI,['OK'],EN/DE,Data Manager
Data Manager,12,Title_Case,Gerência,TI,['OK'],EN/DE,Data Manager
Data Manager,12,Title_Case,Gerência,TI,['OK'],EN/DE,Data Manager
Data Manager,12,Title_Case,Gerência,TI,['OK'],EN/DE,Data Manager
Data Manager,12,Title_Case,Gerência,TI,['OK'],EN/DE,Data Manager
Data Manager,12,Title_Case,Gerência,TI,['OK'],EN/DE,Data Manager
Data Manager,12,Title_Case,Gerência,TI,['OK'],EN/DE,Data Manager
Data Manager,12,Title_Case,Gerência,TI,['OK'],EN/DE,Data Manager
Outputs Quality Analyst,23,Title_Case,Analista/Júnior,TI,['OK'],EN,Outputs Quality Analyst
Product analyst and Transaltor,30,Misto,Analista/Júnior,Produto,['OK'],EN,Product Analyst and Transaltor
Compliance Manager,18,Title_Case,Gerência,Outras,['OK'],EN/DE,Compliance Manager
Data Manager,12,Title_Case,Gerência,TI,['OK'],EN/DE,Data Manager
Data Manager,12,Title_Case,Gerência,TI,['OK'],EN/DE,Data Manager
Data Manager,12,Title_Case,Gerência,TI,['OK'],EN/DE,Data Manager
Compliance Manager,18,Title_Case,Gerência,Outras,['OK'],EN/DE,Compliance Manager
Data Manager,12,Title_Case,Gerência,TI,['OK'],EN/DE,Data Manager
Data manager,12,Misto,Gerência,TI,['OK'],EN/DE,Data Manager
Datamanager,11,Title_Case,Gerência,TI,['OK'],EN/DE,Data Manager
Datamanager,11,Title_Case,Gerência,TI,['OK'],EN/DE,Data Manager
Data Manager,12,Title_Case,Gerência,TI,['OK'],EN/DE,Data Manager
Data Manager,12,Title_Case,Gerência,TI,['OK'],EN/DE,Data Manager
Compliance Manager,18,Title_Case,Gerência,Outras,['OK'],EN/DE,Compliance Manager
Comptable,9,Title_Case,Outros,Outras,['OK'],Outro,Comptable
Data Manager,12,Title_Case,Gerência,TI,['OK'],EN/DE,Data Manager
Data Manager,12,Title_Case,Gerência,TI,['OK'],EN/DE,Data Manager
Manager Data,12,Title_Case,Gerência,TI,['OK'],EN/DE,Data Manager
Data Manager,12,Title_Case,Gerência,TI,['OK'],EN/DE,Data Manager
Head of IT,10,Misto,C-Level/Diretoria,TI,['OK'],Outro,Head of IT
Head of IT,10,Misto,C-Level/Diretoria,TI,['OK'],Outro,Head of IT
Manager Data,12,Title_Case,Gerência,TI,['OK'],EN/DE,Data Manager
Compliance Manager,18,Title_Case,Gerência,Outras,['OK'],EN/DE,Compliance Manager
Data Manager,12,Title_Case,Gerência,TI,['OK'],EN/DE,Data Manager
Data Manager,12,Title_Case,Gerência,TI,['OK'],EN/DE,Data Manager
Head Of Operations,18,Title_Case,C-Level/Diretoria,Operações,['OK'],Outro,Head of Operations
Head Of Operations,18,Title_Case,C-Level/Diretoria,Operações,['OK'],Outro,Head of Operations
Data Manager,12,Title_Case,Gerência,TI,['OK'],EN/DE,Data Manager
Data manager,12,Misto,Gerência,TI,['OK'],EN/DE,Data Manager
Data Manager,12,Title_Case,Gerência,TI,['OK'],EN/DE,Data Manager
IT Infrastructure Lead,22,Misto,Gerência,TI,['OK'],Outro,IT Infrastructure Lead
Data Manager,12,Title_Case,Gerência,TI,['OK'],EN/DE,Data Manager
Data Manager,12,Title_Case,Gerência,TI,['OK'],EN/DE,Data Manager
Head of IT,10,Misto,C-Level/Diretoria,TI,['OK'],Outro,Head of IT
Compliance Manager,18,Title_Case,Gerência,Outras,['OK'],EN/DE,Compliance Manager
Head of IT,10,Misto,C-Level/Diretoria,TI,['OK'],Outro,Head of IT
Data Manager,12,Title_Case,Gerência,TI,['OK'],EN/DE,Data Manager
Compliance Manager,18,Title_Case,Gerência,Outras,['OK'],EN/DE,Compliance Manager
Project Management Officer,26,Title_Case,Outros,Outras,['OK'],Outro,Project Management officer
Operational & Compliance Manager,32,Title_Case,Gerência,Operações,['OK'],EN/DE,Compliance Manager
Compliance Manager,18,Title_Case,Gerência,Outras,['OK'],EN/DE,Compliance Manager
Head of IT,10,Misto,C-Level/Diretoria,TI,['OK'],Outro,Head of IT
Teamleader Software Development & Quality,41,Title_Case,Gerência,TI,['OK'],Outro,Teamleader Software Development & Quality
Head of IT,10,Misto,C-Level/Diretoria,TI,['OK'],Outro,Head of IT
Head of IT,10,Misto,C-Level/Diretoria,TI,['OK'],Outro,Head of IT
Head of IT,10,Misto,C-Level/Diretoria,TI,['OK'],Outro,Head of IT
Data Manager,12,Title_Case,Gerência,TI,['OK'],EN/DE,Data Manager
Data Manager,12,Title_Case,Gerência,TI,['OK'],EN/DE,Data Manager
Data Manager,12,Title_Case,Gerência,TI,['OK'],EN/DE,Data Manager
Head of IT,10,Misto,C-Level/Diretoria,TI,['OK'],Outro,Head of IT
Head of IT,10,Misto,C-Level/Diretoria,TI,['OK'],Outro,Head of IT
Compliance Manager,18,Title_Case,Gerência,Outras,['OK'],EN/DE,Compliance Manager
Compliance Manager,18,Title_Case,Gerência,Outras,['OK'],EN/DE,Compliance Manager
Data Manager,12,Title_Case,Gerência,TI,['OK'],EN/DE,Data Manager
Data Manager,12,Title_Case,Gerência,TI,['OK'],EN/DE,Data Manager
Data Manager,12,Title_Case,Gerência,TI,['OK'],EN/DE,Data Manager
Senior Data Engineer,20,Title_Case,Outros,TI,['OK'],Outro,Senior Data Engineer
Data Manager,12,Title_Case,Gerência,TI,['OK'],EN/DE,Data Manager
Manager Data,12,Title_Case,Gerência,TI,['OK'],EN/DE,Data Manager
Data Manager,12,Title_Case,Gerência,TI,['OK'],EN/DE,Data Manager
Manager Data,12,Title_Case,Gerência,TI,['OK'],EN/DE,Data Manager
Data Manager,12,Title_Case,Gerência,TI,['OK'],EN/DE,Data Manager
Data Manager,12,Title_Case,Gerência,TI,['OK'],EN/DE,Data Manager
Compliance Manager,18,Title_Case,Gerência,Outras,['OK'],EN/DE,Compliance Manager
Data Manager,12,Title_Case,Gerência,TI,['OK'],EN/DE,Data Manager
Head of IT,10,Misto,C-Level/Diretoria,TI,['OK'],Outro,Head of IT
Freelance,9,Title_Case,Outros,Outras,['OK'],Outro,Freelance
Head of IT,10,Misto,C-Level/Diretoria,TI,['OK'],Outro,Head of IT
Head of IT,10,Misto,C-Level/Diretoria,TI,['OK'],Outro,Head of IT
Head of IT,10,Misto,C-Level/Diretoria,TI,['OK'],Outro,Head of IT
Head of IT,10,Misto,C-Level/Diretoria,TI,['OK'],Outro,Head of IT
Head of IT,10,Misto,C-Level/Diretoria,TI,['OK'],Outro,Head of IT
Head of IT,10,Misto,C-Level/Diretoria,TI,['OK'],Outro,Head of IT
Data Manager,12,Title_Case,Gerência,TI,['OK'],EN/DE,Data Manager
Head of IT,10,Misto,C-Level/Diretoria,TI,['OK'],Outro,Head of IT
Head of IT,10,Misto,C-Level/Diretoria,TI,['OK'],Outro,Head of IT
Compliance Manager,18,Title_Case,Gerência,Outras,['OK'],EN/DE,Compliance Manager
Head of IT,10,Misto,C-Level/Diretoria,TI,['OK'],Outro,Head of IT
Head of IT,10,Misto,C-Level/Diretoria,TI,['OK'],Outro,Head of IT
Data Manager,12,Title_Case,Gerência,TI,['OK'],EN/DE,Data Manager
Compliance Manager,18,Title_Case,Gerência,Outras,['OK'],EN/DE,Compliance Manager
Data Manager,12,Title_Case,Gerência,TI,['OK'],EN/DE,Data Manager
Data Manager,12,Title_Case,Gerência,TI,['OK'],EN/DE,Data Manager
Data Manager,12,Title_Case,Gerência,TI,['OK'],EN/DE,Data Manager
Compliance Manager,18,Title_Case,Gerência,Outras,['OK'],EN/DE,Compliance Manager
Compliance Manager,18,Title_Case,Gerência,Outras,['OK'],EN/DE,Compliance Manager
Data Manager,12,Title_Case,Gerência,TI,['OK'],EN/DE,Data Manager
Data Manager at yechte,22,Misto,Gerência,TI,['OK'],EN/DE,Data Manager
Data Manager,12,Title_Case,Gerência,TI,['OK'],EN/DE,Data Manager
Software Engineering Manager,28,Title_Case,Gerência,TI,['OK'],EN/DE,Software Engineering Manager
Head of IT,10,Misto,C-Level/Diretoria,TI,['OK'],Outro,Head of IT
Deputy Technology Director,26,Title_Case,C-Level/Diretoria,TI,['OK'],EN/ES,Deputy Technology Director
Head of IT,10,Misto,C-Level/Diretoria,TI,['OK'],Outro,Head of IT
Manager Compliance,18,Title_Case,Gerência,Outras,['OK'],EN/DE,Compliance Manager
Compliance Manager,18,Title_Case,Gerência,Outras,['OK'],EN/DE,Compliance Manager
Compliance Manager,18,Title_Case,Gerência,Outras,['OK'],EN/DE,Compliance Manager
Head of IT,10,Misto,C-Level/Diretoria,TI,['OK'],Outro,Head of IT
Head Of IT,10,Misto,C-Level/Diretoria,TI,['OK'],Outro,Head of IT
Head of IT,10,Misto,C-Level/Diretoria,TI,['OK'],Outro,Head of IT
Compliance Manager,18,Title_Case,Gerência,Outras,['OK'],EN/DE,Compliance Manager
Chapter Lead,12,Title_Case,Gerência,Outras,['OK'],Outro,Chapter Lead
Head of IT,10,Misto,C-Level/Diretoria,TI,['OK'],Outro,Head of IT
Chief Data Officer,18,Title_Case,C-Level/Diretoria,TI,['OK'],Outro,Chief Data officer
Data Manager,12,Title_Case,Gerência,TI,['OK'],EN/DE,Data Manager
Responsable de Desarrollo de Negocio - Sector Público,53,Misto,C-Level/Diretoria,Outras,['OK'],Outro,Responsable De Desarrollo De Negocio - Sector Público
Compliance Manager,18,Title_Case,Gerência,Outras,['OK'],EN/DE,Compliance Manager
Head of IT,10,Misto,C-Level/Diretoria,TI,['OK'],Outro,Head of IT
IT-Sicherheitsbeauftragter,26,Misto,Outros,TI,['OK'],Outro,IT-Sicherheitsbeauftragter
Head of IT,10,Misto,C-Level/Diretoria,TI,['OK'],Outro,Head of IT
Chief Technology Officer (CTO),30,Misto,C-Level/Diretoria,TI,['Caracteres especiais'],Outro,Chief Technology Officer (CTO)
Compliance Team Lead,20,Title_Case,Gerência,Outras,['OK'],Outro,Compliance Team Lead
Compliance Team Lead,20,Title_Case,Gerência,Outras,['OK'],Outro,Compliance Team Lead
Senior Compliance Manager,25,Title_Case,Gerência,Outras,['OK'],EN/DE,Compliance Manager
Compliance Manager,18,Title_Case,Gerência,Outras,['OK'],EN/DE,Compliance Manager
Chief Technology Officer (CTO),30,Misto,C-Level/Diretoria,TI,['Caracteres especiais'],Outro,Chief Technology Officer (CTO)
Founding Engineer,17,Title_Case,Outros,TI,['OK'],Outro,Founding Engineer
Compliance Manager,18,Title_Case,Gerência,Outras,['OK'],EN/DE,Compliance Manager
Compliance Manager,18,Title_Case,Gerência,Outras,['OK'],EN/DE,Compliance Manager
Data Manager,12,Title_Case,Gerência,TI,['OK'],EN/DE,Data Manager
Data Manager,12,Title_Case,Gerência,TI,['OK'],EN/DE,Data Manager
Head of IT,10,Misto,C-Level/Diretoria,TI,['OK'],Outro,Head of IT
Data Manager,12,Title_Case,Gerência,TI,['OK'],EN/DE,Data Manager
CEO & CTO,9,TUDO_MAIÚSCULO,C-Level/Diretoria,Outras,['OK'],Outro,Chief Technology Officer (CTO)
Chief Technology Officer (CTO),30,Misto,C-Level/Diretoria,TI,['Caracteres especiais'],Outro,Chief Technology Officer (CTO)
Head of IT,10,Misto,C-Level/Diretoria,TI,['OK'],Outro,Head of IT
Data Manager,12,Title_Case,Gerência,TI,['OK'],EN/DE,Data Manager
Stellvertretender ISO (Information Security Officer),52,Misto,Outros,TI,['Caracteres especiais'],Outro,Stellvertretender Iso (Information Security officer)
Head of IT,10,Misto,C-Level/Diretoria,TI,['OK'],Outro,Head of IT
Head of IT,10,Misto,C-Level/Diretoria,TI,['OK'],Outro,Head of IT
Head of IT,10,Misto,C-Level/Diretoria,TI,['OK'],Outro,Head of IT
Data Manager,12,Title_Case,Gerência,TI,['OK'],EN/DE,Data Manager
Head of IT,10,Misto,C-Level/Diretoria,TI,['OK'],Outro,Head of IT
Chief Technology Officer (CTO),30,Misto,C-Level/Diretoria,TI,['Caracteres especiais'],Outro,Chief Technology Officer (CTO)
Head of IT,10,Misto,C-Level/Diretoria,TI,['OK'],Outro,Head of IT
Data Manager,12,Title_Case,Gerência,TI,['OK'],EN/DE,Data Manager
Data Manager,12,Title_Case,Gerência,TI,['OK'],EN/DE,Data Manager
Chief Technology Officer (CTO),30,Misto,C-Level/Diretoria,TI,['Caracteres especiais'],Outro,Chief Technology Officer (CTO)
Head of IT,10,Misto,C-Level/Diretoria,TI,['OK'],Outro,Head of IT
Head of IT,10,Misto,C-Level/Diretoria,TI,['OK'],Outro,Head of IT
Head of IT,10,Misto,C-Level/Diretoria,TI,['OK'],Outro,Head of IT
Head of IT,10,Misto,C-Level/Diretoria,TI,['OK'],Outro,Head of IT
Head of IT,10,Misto,C-Level/Diretoria,TI,['OK'],Outro,Head of IT
Chief Technology Officer (CTO),30,Misto,C-Level/Diretoria,TI,['Caracteres especiais'],Outro,Chief Technology Officer (CTO)
Chief Technology Officer (CTO),30,Misto,C-Level/Diretoria,TI,['Caracteres especiais'],Outro,Chief Technology Officer (CTO)
Chief Technology Officer (CTO),30,Misto,C-Level/Diretoria,TI,['Caracteres especiais'],Outro,Chief Technology Officer (CTO)
Head of IT,10,Misto,C-Level/Diretoria,TI,['OK'],Outro,Head of IT
Chief Technology Officer (CTO),30,Misto,C-Level/Diretoria,TI,['Caracteres especiais'],Outro,Chief Technology Officer (CTO)
Chief Technology Officer (CTO),30,Misto,C-Level/Diretoria,TI,['Caracteres especiais'],Outro,Chief Technology Officer (CTO)
CTO & Co-Founder,16,Misto,C-Level/Diretoria,Outras,['OK'],Outro,CTO & Co-Founder
Head Of IT,10,Misto,C-Level/Diretoria,TI,['OK'],Outro,Head of IT
Compliance Manager,18,Title_Case,Gerência,Outras,['OK'],EN/DE,Compliance Manager
Compliance-Manager,18,Title_Case,Gerência,Outras,['OK'],EN/DE,Compliance Manager
Head of IT,10,Misto,C-Level/Diretoria,TI,['OK'],Outro,Head of IT
Change Ambassador,17,Title_Case,Outros,Outras,['OK'],Outro,Change Ambassador
Head of IT,10,Misto,C-Level/Diretoria,TI,['OK'],Outro,Head of IT
Head of MES Support,19,Misto,C-Level/Diretoria,Outras,['OK'],Outro,Head of Mes Support
Chief Technology Officer (CTO),30,Misto,C-Level/Diretoria,TI,['Caracteres especiais'],Outro,Chief Technology Officer (CTO)
Data Manager,12,Title_Case,Gerência,TI,['OK'],EN/DE,Data Manager
Data Manager,12,Title_Case,Gerência,TI,['OK'],EN/DE,Data Manager
Head of IT,10,Misto,C-Level/Diretoria,TI,['OK'],Outro,Head of IT
Head of IT,10,Misto,C-Level/Diretoria,TI,['OK'],Outro,Head of IT
Head of it,10,Misto,C-Level/Diretoria,TI,['OK'],Outro,Head of IT
Chief technology officer  (CTO),31,Misto,C-Level/Diretoria,TI,"['Caracteres especiais', 'Múltiplos espaços']",Outro,Chief Technology Officer (CTO)
Data Manager,12,Title_Case,Gerência,TI,['OK'],EN/DE,Data Manager
Head of IT,10,Misto,C-Level/Diretoria,TI,['OK'],Outro,Head of IT
Head of IT,10,Misto,C-Level/Diretoria,TI,['OK'],Outro,Head of IT
Head of IT,10,Misto,C-Level/Diretoria,TI,['OK'],Outro,Head of IT
Chief Technology Officer (CTO),30,Misto,C-Level/Diretoria,TI,['Caracteres especiais'],Outro,Chief Technology Officer (CTO)
Chief technology officer (CTO),30,Misto,C-Level/Diretoria,TI,['Caracteres especiais'],Outro,Chief Technology Officer (CTO)
Chief Technology Officer (CTO),30,Misto,C-Level/Diretoria,TI,['Caracteres especiais'],Outro,Chief Technology Officer (CTO)
Head of IT,10,Misto,C-Level/Diretoria,TI,['OK'],Outro,Head of IT
Data Manager,12,Title_Case,Gerência,TI,['OK'],EN/DE,Data Manager
Diretor de tecnologia,21,Misto,C-Level/Diretoria,Outras,['OK'],PT,Diretor De Tecnologia
Compliance Manager,18,Title_Case,Gerência,Outras,['OK'],EN/DE,Compliance Manager
Chief Technology Officer (CTO),30,Misto,C-Level/Diretoria,TI,['Caracteres especiais'],Outro,Chief Technology Officer (CTO)
Data Manager,12,Title_Case,Gerência,TI,['OK'],EN/DE,Data Manager
Head of IT,10,Misto,C-Level/Diretoria,TI,['OK'],Outro,Head of IT
Head of IT,10,Misto,C-Level/Diretoria,TI,['OK'],Outro,Head of IT
Head of IT,10,Misto,C-Level/Diretoria,TI,['OK'],Outro,Head of IT
Chief technology officer (CTO),30,Misto,C-Level/Diretoria,TI,['Caracteres especiais'],Outro,Chief Technology Officer (CTO)
Head of IT,10,Misto,C-Level/Diretoria,TI,['OK'],Outro,Head of IT
Data Manager,12,Title_Case,Gerência,TI,['OK'],EN/DE,Data Manager
Data manager,12,Misto,Gerência,TI,['OK'],EN/DE,Data Manager
Data Manager,12,Title_Case,Gerência,TI,['OK'],EN/DE,Data Manager
Data Manager,12,Title_Case,Gerência,TI,['OK'],EN/DE,Data Manager
Head of IT,10,Misto,C-Level/Diretoria,TI,['OK'],Outro,Head of IT
Chief Technology Officer (CTO),30,Misto,C-Level/Diretoria,TI,['Caracteres especiais'],Outro,Chief Technology Officer (CTO)
Data Manager,12,Title_Case,Gerência,TI,['OK'],EN/DE,Data Manager
Data-Manager,12,Title_Case,Gerência,TI,['OK'],EN/DE,Data-Manager
Data Manager,12,Title_Case,Gerência,TI,['OK'],EN/DE,Data Manager
CTO,3,TUDO_MAIÚSCULO,C-Level/Diretoria,Outras,['OK'],Outro,Chief Technology Officer (CTO)
Compliance Manager,18,Title_Case,Gerência,Outras,['OK'],EN/DE,Compliance Manager
Director of IT,14,Misto,C-Level/Diretoria,TI,['OK'],EN/ES,Director of IT
IT Director,11,Misto,C-Level/Diretoria,TI,['OK'],EN/ES,IT Director
Head of IT,10,Misto,C-Level/Diretoria,TI,['OK'],Outro,Head of IT
Compliance Manager,18,Title_Case,Gerência,Outras,['OK'],EN/DE,Compliance Manager
Compliance Manager,18,Title_Case,Gerência,Outras,['OK'],EN/DE,Compliance Manager
Compliance Manager,18,Title_Case,Gerência,Outras,['OK'],EN/DE,Compliance Manager
Head of IT,10,Misto,C-Level/Diretoria,TI,['OK'],Outro,Head of IT
Head of IT,10,Misto,C-Level/Diretoria,TI,['OK'],Outro,Head of IT
Chief Technology Officer (CTO),30,Misto,C-Level/Diretoria,TI,['Caracteres especiais'],Outro,Chief Technology Officer (CTO)
Chief Technology Officer (CTO),30,Misto,C-Level/Diretoria,TI,['Caracteres especiais'],Outro,Chief Technology Officer (CTO)
Chief Technology Officer (CTO),30,Misto,C-Level/Diretoria,TI,['Caracteres especiais'],Outro,Chief Technology Officer (CTO)
Head of IT,10,Misto,C-Level/Diretoria,TI,['OK'],Outro,Head of IT
CIO,3,TUDO_MAIÚSCULO,C-Level/Diretoria,Outras,['OK'],Outro,CIO
Head of IT,10,Misto,C-Level/Diretoria,TI,['OK'],Outro,Head of IT
Head of Innovation,18,Misto,C-Level/Diretoria,Outras,['OK'],Outro,Head of Innovation
Chief Technology Officer (CTO),30,Misto,C-Level/Diretoria,TI,['Caracteres especiais'],Outro,Chief Technology Officer (CTO)
Chief Technology Officer (CTO),30,Misto,C-Level/Diretoria,TI,['Caracteres especiais'],Outro,Chief Technology Officer (CTO)
Head of IT,10,Misto,C-Level/Diretoria,TI,['OK'],Outro,Head of IT
Head of IT,10,Misto,C-Level/Diretoria,TI,['OK'],Outro,Head of IT
Head of IT,10,Misto,C-Level/Diretoria,TI,['OK'],Outro,Head of IT
ICT Service Support Manager,27,Misto,Gerência,Outras,['OK'],EN/DE,Ict Service Support Manager
Head of IT,10,Misto,C-Level/Diretoria,TI,['OK'],Outro,Head of IT
Head of IT,10,Misto,C-Level/Diretoria,TI,['OK'],Outro,Head of IT
Head of IT,10,Misto,C-Level/Diretoria,TI,['OK'],Outro,Head of IT
Data Manager,12,Title_Case,Gerência,TI,['OK'],EN/DE,Data Manager
Head of IT,10,Misto,C-Level/Diretoria,TI,['OK'],Outro,Head of IT
Chief Technology Officer (CTO),30,Misto,C-Level/Diretoria,TI,['Caracteres especiais'],Outro,Chief Technology Officer (CTO)
"Chief Technology Officer (CTO Growth, Alignment, and Scalability)",65,Misto,C-Level/Diretoria,TI,['Caracteres especiais'],Outro,Chief Technology Officer (CTO)
"Chief Technology Officer (CTO Innovation, Agility, and Competitive Edge)",72,Misto,C-Level/Diretoria,TI,['Caracteres especiais'],Outro,Chief Technology Officer (CTO)
Chief Technology Officer (CTO),30,Misto,C-Level/Diretoria,TI,['Caracteres especiais'],Outro,Chief Technology Officer (CTO)
Data Manager,12,Title_Case,Gerência,TI,['OK'],EN/DE,Data Manager
Compliance Manager,18,Title_Case,Gerência,Outras,['OK'],EN/DE,Compliance Manager
Compliance Communication Supervisor,35,Title_Case,Gerência,Outras,['OK'],Outro,Compliance Communication Supervisor
Privacy and Compliance Consultant,33,Misto,Consultoria,Outras,['OK'],EN,Privacy and Compliance Consultant
Data Manager,12,Title_Case,Gerência,TI,['OK'],EN/DE,Data Manager
Data Protection Supervisor at ICM UW,36,Misto,Gerência,TI,['OK'],Outro,Data Protection Supervisor At Icm Uw
IT Chief Specialist,19,Misto,C-Level/Diretoria,TI,['OK'],EN,IT Chief Specialist
Chief Technology Officer (CTO),30,Misto,C-Level/Diretoria,TI,['Caracteres especiais'],Outro,Chief Technology Officer (CTO)
Chief Technology Officer (CTO),30,Misto,C-Level/Diretoria,TI,['Caracteres especiais'],Outro,Chief Technology Officer (CTO)
Chief Technology Officer - CTO,30,Misto,C-Level/Diretoria,TI,['OK'],Outro,Chief Technology Officer (CTO)
Chief Technology Officer (CTO),30,Misto,C-Level/Diretoria,TI,['Caracteres especiais'],Outro,Chief Technology Officer (CTO)
Chief Technology Officer (CTO),30,Misto,C-Level/Diretoria,TI,['Caracteres especiais'],Outro,Chief Technology Officer (CTO)
Head of IT,10,Misto,C-Level/Diretoria,TI,['OK'],Outro,Head of IT
CTO - Chief Technology Officer,30,Misto,C-Level/Diretoria,TI,['OK'],Outro,Chief Technology Officer (CTO)
CTO - Chief Technology Officer,30,Misto,C-Level/Diretoria,TI,['OK'],Outro,Chief Technology Officer (CTO)
Head of IT,10,Misto,C-Level/Diretoria,TI,['OK'],Outro,Head of IT
CTO - Chief technology officer,30,Misto,C-Level/Diretoria,TI,['OK'],Outro,Chief Technology Officer (CTO)
Chief Technology Officer (CTO),30,Misto,C-Level/Diretoria,TI,['Caracteres especiais'],Outro,Chief Technology Officer (CTO)
Head of IT,10,Misto,C-Level/Diretoria,TI,['OK'],Outro,Head of IT
Head of IT,10,Misto,C-Level/Diretoria,TI,['OK'],Outro,Head of IT
Head of IT,10,Misto,C-Level/Diretoria,TI,['OK'],Outro,Head of IT
Head of IT,10,Misto,C-Level/Diretoria,TI,['OK'],Outro,Head of IT
Chief Technology Officer (CTO),30,Misto,C-Level/Diretoria,TI,['Caracteres especiais'],Outro,Chief Technology Officer (CTO)
Chief Technology Officer (CTO),30,Misto,C-Level/Diretoria,TI,['Caracteres especiais'],Outro,Chief Technology Officer (CTO)
Chief Technology Officer (CTO),30,Misto,C-Level/Diretoria,TI,['Caracteres especiais'],Outro,Chief Technology Officer (CTO)
Chief Technology Officer (CTO),30,Misto,C-Level/Diretoria,TI,['Caracteres especiais'],Outro,Chief Technology Officer (CTO)
CTO - Chief Technology Officer,30,Misto,C-Level/Diretoria,TI,['OK'],Outro,Chief Technology Officer (CTO)
Chief Technology Officer (CTO),30,Misto,C-Level/Diretoria,TI,['Caracteres especiais'],Outro,Chief Technology Officer (CTO)
Chief Technology Officer (CTO),30,Misto,C-Level/Diretoria,TI,['Caracteres especiais'],Outro,Chief Technology Officer (CTO)
Chief Technology Officer (CTO),30,Misto,C-Level/Diretoria,TI,['Caracteres especiais'],Outro,Chief Technology Officer (CTO)
Chief Technology Officer (CTO),30,Misto,C-Level/Diretoria,TI,['Caracteres especiais'],Outro,Chief Technology Officer (CTO)
CTO (Chief Technology Officer),30,Misto,C-Level/Diretoria,TI,['Caracteres especiais'],Outro,CTO (Chief Technology officer)
Autoentrepreneur,16,Title_Case,Outros,Outras,['OK'],Outro,Autoentrepreneur
Chief Technology Officer (CTO),30,Misto,C-Level/Diretoria,TI,['Caracteres especiais'],Outro,Chief Technology Officer (CTO)
Chief Technology Officer (CTO),30,Misto,C-Level/Diretoria,TI,['Caracteres especiais'],Outro,Chief Technology Officer (CTO)
Chief Technology Officer | CTO,30,Misto,C-Level/Diretoria,TI,['Caracteres especiais'],Outro,Chief Technology Officer (CTO)
Chief Technology Officer (CTO),30,Misto,C-Level/Diretoria,TI,['Caracteres especiais'],Outro,Chief Technology Officer (CTO)
Chief Technology Officer (CTO),30,Misto,C-Level/Diretoria,TI,['Caracteres especiais'],Outro,Chief Technology Officer (CTO)
Chief Technology Officer (CTO),30,Misto,C-Level/Diretoria,TI,['Caracteres especiais'],Outro,Chief Technology Officer (CTO)
Chief Technology Officer (CTO),30,Misto,C-Level/Diretoria,TI,['Caracteres especiais'],Outro,Chief Technology Officer (CTO)
Head of IT,10,Misto,C-Level/Diretoria,TI,['OK'],Outro,Head of IT
Head of IT,10,Misto,C-Level/Diretoria,TI,['OK'],Outro,Head of IT
Head of IT,10,Misto,C-Level/Diretoria,TI,['OK'],Outro,Head of IT
Head of IT,10,Misto,C-Level/Diretoria,TI,['OK'],Outro,Head of IT
Head of IT,10,Misto,C-Level/Diretoria,TI,['OK'],Outro,Head of IT
Head of IT,10,Misto,C-Level/Diretoria,TI,['OK'],Outro,Head of IT
Data Manager,12,Title_Case,Gerência,TI,['OK'],EN/DE,Data Manager
Data Manager,12,Title_Case,Gerência,TI,['OK'],EN/DE,Data Manager
Data Manager,12,Title_Case,Gerência,TI,['OK'],EN/DE,Data Manager
Data Manager,12,Title_Case,Gerência,TI,['OK'],EN/DE,Data Manager
Data Manager,12,Title_Case,Gerência,TI,['OK'],EN/DE,Data Manager
Data Manager,12,Title_Case,Gerência,TI,['OK'],EN/DE,Data Manager
Head of IT,10,Misto,C-Level/Diretoria,TI,['OK'],Outro,Head of IT
Head of IT,10,Misto,C-Level/Diretoria,TI,['OK'],Outro,Head of IT
Head of IT,10,Misto,C-Level/Diretoria,TI,['OK'],Outro,Head of IT
Data Manager,12,Title_Case,Gerência,TI,['OK'],EN/DE,Data Manager
Head of IT,10,Misto,C-Level/Diretoria,TI,['OK'],Outro,Head of IT
Information Technology Development Manager,42,Title_Case,Gerência,TI,['OK'],EN/DE,Information Technology Development Manager
Head of IT,10,Misto,C-Level/Diretoria,TI,['OK'],Outro,Head of IT
CTO -  Chief Technology Officer,31,Misto,C-Level/Diretoria,TI,['Múltiplos espaços'],Outro,Chief Technology Officer (CTO)
Head of IT,10,Misto,C-Level/Diretoria,TI,['OK'],Outro,Head of IT
Compliance Manager,18,Title_Case,Gerência,Outras,['OK'],EN/DE,Compliance Manager
CTO - Chief Technology Officer,30,Misto,C-Level/Diretoria,TI,['OK'],Outro,Chief Technology Officer (CTO)
Chief Technology Officer (CTO),30,Misto,C-Level/Diretoria,TI,['Caracteres especiais'],Outro,Chief Technology Officer (CTO)
CTO - Chief Technology Officer,30,Misto,C-Level/Diretoria,TI,['OK'],Outro,Chief Technology Officer (CTO)
Chief Technology Officer - CTO,30,Misto,C-Level/Diretoria,TI,['OK'],Outro,Chief Technology Officer (CTO)
Chief Technology Officer (CTO),30,Misto,C-Level/Diretoria,TI,['Caracteres especiais'],Outro,Chief Technology Officer (CTO)
Chief Technology Officer (CTO),30,Misto,C-Level/Diretoria,TI,['Caracteres especiais'],Outro,Chief Technology Officer (CTO)
Chief Technology Officer (CTO),30,Misto,C-Level/Diretoria,TI,['Caracteres especiais'],Outro,Chief Technology Officer (CTO)
Chief Technology Officer (CTO),30,Misto,C-Level/Diretoria,TI,['Caracteres especiais'],Outro,Chief Technology Officer (CTO)
Head of IT,10,Misto,C-Level/Diretoria,TI,['OK'],Outro,Head of IT
Head of IT,10,Misto,C-Level/Diretoria,TI,['OK'],Outro,Head of IT
Head of IT,10,Misto,C-Level/Diretoria,TI,['OK'],Outro,Head of IT
Senior IT Administrator,23,Misto,Outros,TI,['OK'],Outro,Senior IT Administrator
Head of IT,10,Misto,C-Level/Diretoria,TI,['OK'],Outro,Head of IT
Head of IT,10,Misto,C-Level/Diretoria,TI,['OK'],Outro,Head of IT
Head of IT,10,Misto,C-Level/Diretoria,TI,['OK'],Outro,Head of IT
Chief Operations Officer,24,Title_Case,C-Level/Diretoria,Operações,['OK'],Outro,Chief Operations officer
Head of IT,10,Misto,C-Level/Diretoria,TI,['OK'],Outro,Head of IT
Managing Director,17,Title_Case,C-Level/Diretoria,Outras,['OK'],EN/ES,Managing Director
COO Adalberto,13,Misto,Outros,Outras,['OK'],Outro,Coo Adalberto
Portfolio Advisor,17,Title_Case,Consultoria,Outras,['OK'],Outro,Portfolio Advisor
VP Europe,9,Misto,Outros,Outras,['OK'],Outro,Vp Europe
Co-Founder,10,Title_Case,Outros,Outras,['OK'],Outro,Co-Founder
Co-Founder,10,Title_Case,Outros,Outras,['OK'],Outro,Co-Founder
Vice President Marketing,24,Title_Case,Outros,Marketing,['OK'],Outro,Vice President Marketing
Managing Director (GM) North America & Global Head of Marketing,63,Misto,C-Level/Diretoria,Marketing,['Caracteres especiais'],EN/ES,Managing Director (Gm) North America & Global Head of Marketing
Digital Chief Operating Officer,31,Title_Case,C-Level/Diretoria,TI,['OK'],Outro,Digital Chief Operating officer
Founder and CEO,15,Misto,C-Level/Diretoria,Outras,['OK'],Outro,Founder and CEO
Co-Founder,10,Title_Case,Outros,Outras,['OK'],Outro,Co-Founder
Key Account Manager,19,Title_Case,Gerência,Comercial,['OK'],EN/DE,Key Account Manager
Purchasing Director,19,Title_Case,C-Level/Diretoria,Outras,['OK'],EN/ES,Purchasing Director
Chief Operating Officer,23,Title_Case,C-Level/Diretoria,Outras,['OK'],Outro,Chief Operating officer
VP People & Culture,19,Misto,Outros,Outras,['OK'],Outro,Vp People & Culture
Director of IT • Managing technological needs and R&D,53,Misto,C-Level/Diretoria,TI,['Caracteres especiais'],EN/ES,Director of IT Managing Technological Needs and R&D
Founder,7,Title_Case,Outros,Outras,['OK'],Outro,Founder
Recruiter at DataSmart,22,Misto,Outros,TI,['OK'],Outro,Recruiter At Datasmart
Director Comercial,18,Title_Case,C-Level/Diretoria,Outras,['OK'],EN/ES,Director Comercial
Expansion & Real Estate Director,32,Title_Case,C-Level/Diretoria,Outras,['OK'],EN/ES,Expansion & Real Estate Director
Director of Planning and Logistics,34,Misto,C-Level/Diretoria,Operações,['OK'],EN/ES,Director of Planning and Logistics
Founder & CEO,13,Misto,C-Level/Diretoria,Outras,['OK'],Outro,Founder & CEO
Head of Innovation,18,Misto,C-Level/Diretoria,Outras,['OK'],Outro,Head of Innovation
Head of Innovation,18,Misto,C-Level/Diretoria,Outras,['OK'],Outro,Head of Innovation
Senior Business Manager,23,Title_Case,Gerência,Outras,['OK'],EN/DE,Senior Business Manager
Senior Procurement Manager,26,Title_Case,Gerência,Outras,['OK'],EN/DE,Senior Procurement Manager
Administradora,14,Title_Case,Outros,Outras,['OK'],Outro,Administradora
Fractional CTO,14,Misto,C-Level/Diretoria,Outras,['OK'],Outro,Chief Technology Officer (CTO)
Founder,7,Title_Case,Outros,Outras,['OK'],Outro,Founder
IT Director,11,Misto,C-Level/Diretoria,TI,['OK'],EN/ES,IT Director
Business Think Manager,22,Title_Case,Gerência,Outras,['OK'],EN/DE,Business Think Manager
Operations Manager,18,Title_Case,Gerência,Operações,['OK'],EN/DE,Operations Manager
Director de proyectos de TI,27,Misto,C-Level/Diretoria,Outras,['OK'],EN/ES,Director De Proyectos De Ti
IT System Cloud,15,Misto,Outros,TI,['OK'],Outro,IT System Cloud
IT Application (support) specialist,35,Misto,Coordenação/Especialista,TI,['Caracteres especiais'],EN,IT Application (Support) Specialist
General Manager / Owner,23,Title_Case,Gerência,Outras,['OK'],EN/DE,General Manager / Owner
Senior IT & Digital Talent Acquisition,38,Misto,Outros,TI,['OK'],Outro,Senior IT & Digital Talent Acquisition
Senior IT & Digital Talent Acquisition,38,Misto,Outros,TI,['OK'],Outro,Senior IT & Digital Talent Acquisition
IT Servicedesk Specialist / System Admin,40,Misto,Coordenação/Especialista,TI,['OK'],EN,IT Servicedesk Specialist / System Admin
IT Operations,13,Misto,Outros,TI,['OK'],Outro,IT Operations
IT Manager,10,Misto,Gerência,TI,['OK'],EN/DE,IT Manager
It support specialist & phone/mobile expert,43,Misto,Coordenação/Especialista,TI,['OK'],EN,IT Support Specialist & Phone/Mobile Expert
Senior IT Support,17,Misto,Outros,TI,['OK'],Outro,Senior IT Support
Especialista IT en Acens | Cloud,32,Misto,Coordenação/Especialista,TI,['Caracteres especiais'],PT/EN/ES,Especialista IT En Acens Cloud
IT operations,13,Misto,Outros,TI,['OK'],Outro,IT Operations
IT-Business Partner,19,Misto,Outros,TI,['OK'],Outro,IT-Business Partner
IT Business Partner,19,Misto,Outros,TI,['OK'],Outro,IT Business Partner
IT Account Manager,18,Misto,Gerência,TI,['OK'],EN/DE,IT Account Manager
Head of Global IT Support,25,Misto,C-Level/Diretoria,TI,['OK'],Outro,Head of Global IT Support
IT Director Central Europe,26,Misto,C-Level/Diretoria,TI,['OK'],EN/ES,IT Director Central Europe
Team Leader IT Service Desk,27,Misto,Gerência,TI,['OK'],Outro,Team Leader IT Service Desk
IT Recruiter,12,Misto,Outros,TI,['OK'],Outro,IT Recruiter
IT Project Manager,18,Misto,Gerência,TI,['OK'],EN/DE,IT Project Manager
IT Business Partner,19,Misto,Outros,TI,['OK'],Outro,IT Business Partner
IT Project Manager,18,Misto,Gerência,TI,['OK'],EN/DE,IT Project Manager
Technical Director & IT Editor with Total Publishing Network,60,Misto,C-Level/Diretoria,TI,['OK'],EN/ES,Technical Director & IT Editor With Total Publishing Network
IT Talent Consultant,20,Misto,Consultoria,TI,['OK'],EN,IT Talent Consultant
IT Recruiter,12,Misto,Outros,TI,['OK'],Outro,IT Recruiter
IT recruiter and Employer Branding specialist,45,Misto,Coordenação/Especialista,TI,['OK'],EN,IT Recruiter and Employer Branding Specialist
IT Project Manager,18,Misto,Gerência,TI,['OK'],EN/DE,IT Project Manager
Senior IT Manager,17,Misto,Gerência,TI,['OK'],EN/DE,IT Manager
Head of Data Governance Office,30,Misto,C-Level/Diretoria,TI,['OK'],Outro,Head of Data Governance office
Analista de sistemas de TI,26,Misto,Analista/Júnior,Outras,['OK'],PT/ES,Analista De Sistemas De Ti
Senior Software Engineering Manager,35,Title_Case,Gerência,TI,['OK'],EN/DE,Senior Software Engineering Manager
IT Manager,10,Misto,Gerência,TI,['OK'],EN/DE,IT Manager
Responsable Gobierno de IT,26,Misto,Outros,TI,['OK'],Outro,Responsable Gobierno De IT
IT Infrastructure and Security Solutions Architect,50,Misto,Outros,TI,['OK'],Outro,IT Infrastructure and Security Solutions Architect
Corporate IT-SAP Aftersales Business Partner,44,Misto,Outros,TI,['OK'],Outro,Corporate IT-Sap Aftersales Business Partner
IT Senior Project Manager - Strategy & Transformation - SAP,59,Misto,Gerência,TI,['OK'],EN/DE,IT Senior Project Manager - Strategy & Transformation - Sap
Desarrollador Backend Senior Python ERP Odoo,44,Misto,Outros,Outras,['OK'],Outro,Desarrollador Backend Senior Python Erp Odoo
Coordinador IT/ Desarrollador Backend ERP Odoo,46,Misto,Outros,TI,['OK'],ES,Coordinador IT/ Desarrollador Backend Erp Odoo
Técnico de soporte de TI,24,Misto,Outros,Outras,['OK'],Outro,Técnico De Soporte De Ti
Customer IT Project Manager,27,Misto,Gerência,TI,['OK'],EN/DE,Customer IT Project Manager
IT Manager,10,Misto,Gerência,TI,['OK'],EN/DE,IT Manager
IT Sourcing Specialist,22,Misto,Coordenação/Especialista,TI,['OK'],EN,IT Sourcing Specialist
IT Manager,10,Misto,Gerência,TI,['OK'],EN/DE,IT Manager
Chief IT Architect,18,Misto,C-Level/Diretoria,TI,['OK'],Outro,Chief IT Architect
IT Manager,10,Misto,Gerência,TI,['OK'],EN/DE,IT Manager
Técnico de asistencia para TI,29,Misto,Outros,Outras,['OK'],Outro,Técnico De Asistencia Para Ti
"Jefe departamento Venta especialisata TI  MD en acens,Part of Telefónica Tech",77,Misto,Outros,TI,"['Caracteres especiais', 'Múltiplos espaços']",Outro,Jefe Departamento Venta Especialisata Ti Md En AcensPart of Telefónica Tech
IT Development Director,23,Misto,C-Level/Diretoria,TI,['OK'],EN/ES,IT Development Director
IT Services Manager,19,Misto,Gerência,TI,['OK'],EN/DE,IT Services Manager
IT Engineering Director,23,Misto,C-Level/Diretoria,TI,['OK'],EN/ES,IT Engineering Director
Head of Engineering,19,Misto,C-Level/Diretoria,TI,['OK'],Outro,Head of Engineering
IT & Product Digital Marketing Senior Manager,45,Misto,Gerência,TI,['OK'],EN/DE,IT & Product Digital Marketing Senior Manager
Metasearch Marketing & Analytics Manager,40,Title_Case,Gerência,Dados,['OK'],EN/DE,Metasearch Marketing & Analytics Manager
Administrador de sistemas de TI,31,Misto,Outros,Outras,['OK'],Outro,Administrador De Sistemas De Ti
IT Project Manager,18,Misto,Gerência,TI,['OK'],EN/DE,IT Project Manager
IT Manager,10,Misto,Gerência,TI,['OK'],EN/DE,IT Manager
IT Programe/Project Manager,27,Misto,Gerência,TI,['OK'],EN/DE,IT Programe/Project Manager
IT & Ecommerce Consultant | Shopify Developer,45,Misto,Consultoria,TI,['Caracteres especiais'],EN,IT & Ecommerce Consultant Shopify Developer
Ingeniero de sistemas,21,Misto,Outros,Outras,['OK'],Outro,Ingeniero De Sistemas
Business Intelligence Portugal,30,Title_Case,Outros,Dados,['OK'],Outro,Business Intelligence Portugal
IT Infrastructure Manager Portugal,34,Misto,Gerência,TI,['OK'],EN/DE,IT Infrastructure Manager Portugal
Head of IT,10,Misto,C-Level/Diretoria,TI,['OK'],Outro,Head of IT
Gerente de Implementacion Batch & Linea,39,Misto,C-Level/Diretoria,Outras,['OK'],PT/ES,Gerente De Implementacion Batch & Linea
Gerente de Implementacion Batch & Linea,39,Misto,C-Level/Diretoria,Outras,['OK'],PT/ES,Gerente De Implementacion Batch & Linea
Gerente,7,Title_Case,Gerência,Outras,['OK'],PT/ES,Gerente
Gestor de Redes TI,18,Misto,Outros,Outras,['OK'],Outro,Gestor De Redes Ti
Tech Recruitment & IT Staffing Delivery Lead,44,Misto,Gerência,TI,['OK'],Outro,Tech Recruitment & IT Staffing Delivery Lead
iOS Developer,13,Misto,Outros,TI,['OK'],Outro,Ios Developer
Operational Support Engineer,28,Title_Case,Outros,TI,['OK'],Outro,Operational Support Engineer
IT Recruiter,12,Misto,Outros,TI,['OK'],Outro,IT Recruiter
IT Analyst Senior,17,Misto,Analista/Júnior,TI,['OK'],EN,IT Analyst Senior
Chief Executive Officer and Solutions Developer,47,Misto,C-Level/Diretoria,TI,['OK'],Outro,Chief Executive officer and Solutions Developer
Técnico de TI,13,Misto,Outros,Outras,['OK'],Outro,Técnico De Ti
IT Technician,13,Misto,Outros,TI,['OK'],Outro,IT Technician
Consultora de TI,16,Misto,Consultoria,Outras,['OK'],PT/ES,Consultora De Ti
Director Comercial Proyectos llave en Mano Segurifad y TI,57,Misto,C-Level/Diretoria,Outras,['OK'],EN/ES,Director Comercial Proyectos Llave En Mano Segurifad Y Ti
IT Specialist,13,Misto,Coordenação/Especialista,TI,['OK'],EN,IT Specialist
Control de Proyectos TI,23,Misto,C-Level/Diretoria,Outras,['OK'],Outro,Control De Proyectos Ti
IT Manager,10,Misto,Gerência,TI,['OK'],EN/DE,IT Manager
IT Project Manager,18,Misto,Gerência,TI,['OK'],EN/DE,IT Project Manager
IT Project Manager,18,Misto,Gerência,TI,['OK'],EN/DE,IT Project Manager
IT Consultant,13,Misto,Consultoria,TI,['OK'],EN,IT Consultant
IT Support Specialist,21,Misto,Coordenação/Especialista,TI,['OK'],EN,IT Support Specialist
IT,2,TUDO_MAIÚSCULO,Outros,TI,['Muito curto'],Outro,IT
IT Service Manager,18,Misto,Gerência,TI,['OK'],EN/DE,IT Service Manager
Project Manager,15,Title_Case,Gerência,Outras,['OK'],EN/DE,Project Manager
IT Technician - Systems Administrator,37,Misto,Outros,TI,['OK'],Outro,IT Technician - Systems Administrator
IT Manager @Global Blue Portugal,32,Misto,Gerência,TI,['Caracteres especiais'],EN/DE,IT Manager
IT Manager,10,Misto,Gerência,TI,['OK'],EN/DE,IT Manager
Project Management Coordinator,30,Title_Case,Coordenação/Especialista,Outras,['OK'],EN,Project Management Coordinator
Gerente de projetos de TI,25,Misto,Gerência,Outras,['OK'],PT/ES,Gerente De Projetos De Ti
Gerente de projetos de TI,25,Misto,Gerência,Outras,['OK'],PT/ES,Gerente De Projetos De Ti
Marketing Manager - Digital Valley,34,Title_Case,Gerência,TI,['OK'],EN/DE,Marketing Manager - Digital Valley
IT Specialist,13,Misto,Coordenação/Especialista,TI,['OK'],EN,IT Specialist
Administrador Sistemas,22,Title_Case,Outros,Outras,['OK'],Outro,Administrador Sistemas
Co-Founder & IT Systems Administrator,37,Misto,Outros,TI,['OK'],Outro,Co-Founder & IT Systems Administrator
Gestor de Projetos TI,21,Misto,Outros,Outras,['OK'],Outro,Gestor De Projetos Ti
Founder / Senior IT Consultant,30,Misto,Consultoria,TI,['OK'],EN,Founder / Senior IT Consultant
