Contato_ID,Pessoa_ID,Empresa_ID,Data_ID,Cargo_ID,Setor_ID,Status_Valido,Tem_LinkedIn
CON001,PES001,EMP001,DAT001,CAR001,SET001,1,1
CON002,PES002,EMP002,DAT001,CAR096,SET002,1,1
CON003,PES003,EMP003,DAT001,CAR003,SET003,1,1
CON004,PES004,EMP004,DAT001,CAR004,SET013,0,1
CON005,PES004,EMP004,DAT001,CAR005,SET013,0,1
CON006,PES005,EMP005,DAT001,CAR005,SET005,1,1
CON007,PES006,EMP006,DAT001,CAR003,SET002,1,1
CON008,PES007,EMP007,DAT001,CAR096,SET013,1,1
CON009,PES008,EMP008,DAT001,CAR006,SET002,0,1
CON010,PES009,EMP008,DAT001,CAR006,SET002,1,1
CON011,PES010,EMP009,DAT001,CAR003,SET002,0,1
CON012,PES011,EMP010,DAT001,CAR096,SET013,1,1
CON013,PES012,EMP011,DAT001,CAR126,SET013,1,1
CON014,PES013,EMP012,DAT001,CAR008,SET006,0,1
CON015,PES014,EMP013,DAT001,CAR005,SET007,1,1
CON016,PES015,EMP014,DAT001,CAR096,SET008,1,1
CON017,PES016,EMP015,DAT001,CAR005,SET008,1,1
CON018,PES017,EMP016,DAT001,CAR009,SET002,1,1
CON019,PES018,EMP017,DAT001,CAR005,SET002,1,1
CON020,PES019,EMP018,DAT001,CAR005,SET002,1,1
CON021,PES019,EMP018,DAT001,CAR010,SET002,1,1
CON022,PES020,EMP019,DAT001,CAR096,SET002,0,1
CON023,PES021,EMP020,DAT001,CAR003,SET009,1,1
CON024,PES022,EMP021,DAT001,CAR011,SET009,1,1
CON025,PES022,EMP021,DAT001,CAR096,SET009,1,1
CON026,PES023,EMP022,DAT001,CAR012,SET010,1,0
CON027,PES023,EMP022,DAT001,CAR013,SET010,1,0
CON028,PES024,EMP023,DAT001,CAR126,SET011,0,1
CON029,PES024,EMP023,DAT001,CAR014,SET011,0,1
CON030,PES025,EMP024,DAT001,CAR126,SET012,1,1
CON031,PES026,EMP025,DAT001,CAR003,SET013,1,0
CON032,PES027,EMP026,DAT002,CAR015,SET002,0,1
CON033,PES027,EMP026,DAT002,CAR096,SET002,0,1
CON034,PES027,EMP027,DAT002,CAR015,SET002,0,1
CON035,PES028,EMP028,DAT002,CAR126,SET013,0,1
CON036,PES029,EMP029,DAT002,CAR016,SET002,1,1
CON037,PES029,EMP029,DAT002,CAR096,SET002,1,1
CON038,PES030,EMP030,DAT002,CAR003,SET002,1,1
CON039,PES031,EMP031,DAT002,CAR126,SET002,0,1
CON040,PES032,EMP032,DAT002,CAR003,SET014,1,1
CON041,PES033,EMP033,DAT002,CAR017,SET015,1,1
CON042,PES033,EMP033,DAT002,CAR003,SET015,1,1
CON043,PES034,EMP034,DAT002,CAR018,SET016,1,1
CON044,PES034,EMP035,DAT002,CAR019,SET016,1,1
CON045,PES035,EMP036,DAT002,CAR003,SET017,1,1
CON046,PES035,EMP037,DAT002,CAR020,SET017,1,1
CON047,PES035,EMP037,DAT002,CAR003,SET017,1,1
CON048,PES036,EMP038,DAT002,CAR021,SET018,1,1
CON049,PES036,EMP038,DAT002,CAR022,SET018,1,1
CON050,PES037,EMP039,DAT002,CAR096,SET013,1,1
CON051,PES038,EMP040,DAT002,CAR003,SET013,1,1
CON052,PES039,EMP041,DAT002,CAR019,SET008,1,1
CON053,PES040,EMP042,DAT002,CAR096,SET013,0,1
CON054,PES041,EMP043,DAT002,CAR003,SET019,1,1
CON055,PES042,EMP043,DAT002,CAR003,SET019,1,1
CON056,PES043,EMP043,DAT002,CAR003,SET019,1,1
CON057,PES043,EMP044,DAT002,CAR023,SET019,1,1
CON058,PES043,EMP045,DAT002,CAR003,SET019,1,1
CON059,PES043,EMP046,DAT002,CAR003,SET019,1,1
CON060,PES043,EMP044,DAT002,CAR024,SET019,1,1
CON061,PES044,EMP047,DAT002,CAR003,SET020,1,1
CON062,PES044,EMP047,DAT002,CAR003,SET020,1,1
CON063,PES045,EMP048,DAT002,CAR003,SET010,0,0
CON064,PES046,EMP049,DAT002,CAR005,SET002,1,1
CON065,PES047,EMP050,DAT002,CAR003,SET002,0,1
CON066,PES048,EMP051,DAT002,CAR003,SET002,1,1
CON067,PES049,EMP052,DAT002,CAR005,SET002,1,1
CON068,PES050,EMP053,DAT002,CAR096,SET013,1,1
CON069,PES051,EMP054,DAT002,CAR005,SET002,1,1
CON070,PES052,EMP055,DAT002,CAR003,SET002,1,1
CON071,PES053,EMP056,DAT002,CAR025,SET002,0,1
CON072,PES054,EMP056,DAT002,CAR025,SET002,0,1
CON073,PES055,EMP057,DAT002,CAR003,SET013,1,1
CON074,PES056,EMP058,DAT002,CAR096,SET002,0,1
CON075,PES057,EMP059,DAT002,CAR026,SET021,1,1
CON076,PES058,EMP060,DAT002,CAR027,SET002,0,1
CON077,PES059,EMP061,DAT002,CAR005,SET022,0,1
CON078,PES060,EMP062,DAT002,CAR096,SET002,0,1
CON079,PES060,EMP062,DAT002,CAR028,SET002,0,1
CON080,PES060,EMP063,DAT002,CAR029,SET002,0,1
CON081,PES060,EMP063,DAT002,CAR030,SET002,0,1
CON082,PES060,EMP063,DAT002,CAR031,SET002,0,1
CON083,PES061,EMP064,DAT002,CAR032,SET002,1,1
CON084,PES061,EMP064,DAT002,CAR033,SET002,1,1
CON085,PES062,EMP065,DAT002,CAR026,SET002,0,1
CON086,PES063,EMP066,DAT002,CAR003,SET002,1,1
CON087,PES064,EMP066,DAT002,CAR003,SET002,1,1
CON088,PES065,EMP067,DAT002,CAR034,SET023,1,1
CON089,PES065,EMP067,DAT002,CAR003,SET023,1,1
CON090,PES066,EMP068,DAT002,CAR035,SET002,1,1
CON091,PES067,EMP069,DAT002,CAR036,SET002,1,1
CON092,PES067,EMP069,DAT002,CAR003,SET002,1,1
CON093,PES068,EMP070,DAT002,CAR037,SET024,0,1
CON094,PES069,EMP071,DAT002,CAR038,SET013,1,1
CON095,PES069,EMP071,DAT002,CAR039,SET013,1,1
CON096,PES069,EMP071,DAT002,CAR005,SET013,1,1
CON097,PES026,EMP025,DAT002,CAR003,SET002,1,1
CON098,PES070,EMP072,DAT002,CAR040,SET013,1,1
CON099,PES071,EMP073,DAT002,CAR126,SET013,0,1
CON100,PES072,EMP074,DAT002,CAR024,SET002,1,1
CON101,PES073,EMP075,DAT002,CAR003,SET002,1,1
CON102,PES074,EMP076,DAT002,CAR126,SET025,1,1
CON103,PES075,EMP077,DAT002,CAR041,SET002,1,1
CON104,PES075,EMP077,DAT002,CAR126,SET002,1,1
CON105,PES075,EMP077,DAT002,CAR042,SET002,1,1
CON106,PES075,EMP077,DAT002,CAR041,SET002,1,1
CON107,PES076,EMP078,DAT003,CAR096,SET008,1,1
CON108,PES077,EMP078,DAT003,CAR096,SET008,1,1
CON109,PES078,EMP079,DAT003,CAR005,SET013,0,1
CON110,PES079,EMP080,DAT003,CAR043,SET008,1,1
CON111,PES079,EMP081,DAT003,CAR005,SET008,1,1
CON112,PES080,EMP082,DAT003,CAR005,SET006,0,1
CON113,PES081,EMP083,DAT003,CAR005,SET026,1,1
CON114,PES082,EMP084,DAT003,CAR003,SET002,1,1
CON115,PES083,EMP050,DAT003,CAR005,SET002,0,1
CON116,PES084,EMP085,DAT003,CAR003,SET002,1,1
CON117,PES084,EMP085,DAT003,CAR044,SET002,1,1
CON118,PES085,EMP086,DAT003,CAR045,SET027,0,1
CON119,PES085,EMP086,DAT003,CAR096,SET027,0,1
CON120,PES086,EMP087,DAT003,CAR046,SET003,0,1
CON121,PES087,EMP088,DAT003,CAR003,SET002,1,1
CON122,PES088,EMP011,DAT003,CAR096,SET013,1,1
CON123,PES089,EMP089,DAT003,CAR005,SET008,1,1
CON124,PES089,EMP089,DAT003,CAR047,SET008,1,1
CON125,PES090,EMP090,DAT003,CAR048,SET008,1,1
CON126,PES091,EMP091,DAT003,CAR096,SET002,1,1
CON127,PES092,EMP092,DAT003,CAR096,SET028,0,1
CON128,PES092,EMP093,DAT003,CAR049,SET028,0,1
CON129,PES093,EMP094,DAT003,CAR003,SET010,0,0
CON130,PES094,EMP095,DAT003,CAR050,SET002,0,1
CON131,PES095,EMP096,DAT003,CAR051,SET002,0,1
CON132,PES096,EMP097,DAT003,CAR003,SET010,0,0
CON133,PES097,EMP098,DAT003,CAR003,SET010,0,0
CON134,PES098,EMP099,DAT003,CAR003,SET013,1,1
CON135,PES099,EMP100,DAT003,CAR003,SET002,1,1
CON136,PES100,EMP101,DAT003,CAR052,SET002,1,1
CON137,PES101,EMP102,DAT003,CAR053,SET002,1,1
CON138,PES101,EMP103,DAT003,CAR003,SET002,1,1
CON139,PES102,EMP104,DAT003,CAR126,SET011,0,1
CON140,PES103,EMP105,DAT003,CAR054,SET009,1,1
CON141,PES103,EMP106,DAT003,CAR055,SET009,1,1
CON142,PES103,EMP107,DAT003,CAR126,SET009,1,1
CON143,PES103,EMP105,DAT003,CAR056,SET009,1,1
CON144,PES104,EMP105,DAT003,CAR054,SET009,1,1
CON145,PES105,EMP108,DAT003,CAR003,SET029,0,1
CON146,PES106,EMP109,DAT003,CAR026,SET002,1,1
CON147,PES107,EMP110,DAT003,CAR003,SET002,0,1
CON148,PES108,EMP111,DAT003,CAR005,SET013,1,1
CON149,PES109,EMP112,DAT003,CAR005,SET030,0,1
CON150,PES110,EMP113,DAT003,CAR005,SET031,0,1
CON151,PES111,EMP114,DAT003,CAR057,SET002,1,1
CON152,PES112,EMP115,DAT003,CAR096,SET008,1,1
CON153,PES113,EMP116,DAT003,CAR096,SET008,1,1
CON154,PES114,EMP117,DAT003,CAR003,SET002,0,1
CON155,PES115,EMP118,DAT003,CAR126,SET011,1,1
CON156,PES116,EMP118,DAT003,CAR126,SET011,1,1
CON157,PES117,EMP119,DAT003,CAR058,SET002,0,1
CON158,PES117,EMP119,DAT003,CAR126,SET002,0,1
CON159,PES117,EMP119,DAT003,CAR126,SET002,0,1
CON160,PES118,EMP120,DAT003,CAR003,SET002,1,1
CON161,PES119,EMP121,DAT003,CAR126,SET032,0,1
CON162,PES120,EMP122,DAT003,CAR005,SET002,1,1
CON163,PES121,EMP123,DAT003,CAR005,SET009,0,1
CON164,PES122,EMP124,DAT003,CAR059,SET002,1,1
CON165,PES123,EMP125,DAT003,CAR060,SET002,1,1
CON166,PES124,EMP126,DAT003,CAR003,SET002,0,1
CON167,PES124,EMP126,DAT003,CAR061,SET002,0,1
CON168,PES124,EMP126,DAT003,CAR062,SET002,0,1
CON169,PES125,EMP127,DAT003,CAR126,SET002,1,1
CON170,PES126,EMP128,DAT003,CAR003,SET002,0,1
CON171,PES126,EMP128,DAT003,CAR063,SET002,0,1
CON172,PES127,EMP129,DAT004,CAR064,SET002,1,1
CON173,PES128,EMP129,DAT004,CAR064,SET002,1,1
CON174,PES129,EMP130,DAT004,CAR003,SET033,1,1
CON175,PES130,EMP131,DAT004,CAR003,SET013,0,1
CON176,PES130,EMP131,DAT004,CAR065,SET013,0,1
CON177,PES131,EMP132,DAT004,CAR005,SET013,0,1
CON178,PES132,EMP133,DAT004,CAR032,SET013,1,1
CON179,PES133,EMP134,DAT004,CAR126,SET030,1,1
CON180,PES134,EMP135,DAT004,CAR005,SET002,1,1
CON181,PES135,EMP049,DAT004,CAR126,SET018,1,1
CON182,PES136,EMP136,DAT004,CAR066,SET034,0,1
CON183,PES137,EMP137,DAT004,CAR005,SET002,1,1
CON184,PES138,EMP138,DAT004,CAR067,SET024,1,1
CON185,PES139,EMP139,DAT004,CAR005,SET035,0,1
CON186,PES140,EMP140,DAT004,CAR096,SET024,1,1
CON187,PES141,EMP141,DAT004,CAR026,SET013,1,1
CON188,PES142,EMP142,DAT004,CAR126,SET003,1,1
CON189,PES143,EMP143,DAT004,CAR005,SET008,0,1
CON190,PES144,EMP144,DAT004,CAR003,SET008,1,1
CON191,PES145,EMP145,DAT004,CAR003,SET010,1,1
CON192,PES145,EMP145,DAT004,CAR068,SET010,1,1
CON193,PES146,EMP146,DAT004,CAR069,SET005,1,1
CON194,PES147,EMP147,DAT004,CAR003,SET002,1,1
CON195,PES148,EMP148,DAT004,CAR070,SET002,1,1
CON196,PES148,EMP148,DAT004,CAR003,SET002,1,1
CON197,PES149,EMP149,DAT004,CAR003,SET008,1,1
CON198,PES150,EMP149,DAT004,CAR003,SET008,1,1
CON199,PES151,EMP150,DAT004,CAR071,SET002,0,1
CON200,PES152,EMP150,DAT004,CAR071,SET002,0,1
CON201,PES153,EMP151,DAT004,CAR072,SET009,1,1
CON202,PES153,EMP151,DAT004,CAR126,SET009,1,1
CON203,PES154,EMP152,DAT004,CAR126,SET002,1,1
CON204,PES155,EMP153,DAT004,CAR126,SET023,0,1
CON205,PES156,EMP154,DAT004,CAR096,SET002,0,1
CON206,PES156,EMP155,DAT004,CAR096,SET002,0,1
CON207,PES157,EMP156,DAT004,CAR003,SET013,1,1
CON208,PES158,EMP157,DAT004,CAR003,SET002,1,1
CON209,PES158,EMP157,DAT004,CAR073,SET002,1,1
CON210,PES159,EMP158,DAT004,CAR074,SET010,0,1
CON211,PES159,EMP159,DAT004,CAR075,SET010,0,1
CON212,PES159,EMP158,DAT004,CAR003,SET010,0,1
CON213,PES160,EMP160,DAT004,CAR076,SET002,0,1
CON214,PES160,EMP160,DAT004,CAR003,SET002,0,1
CON215,PES160,EMP161,DAT004,CAR076,SET002,0,1
CON216,PES161,EMP049,DAT004,CAR126,SET018,1,1
CON217,PES162,EMP162,DAT004,CAR003,SET013,1,1
CON218,PES162,EMP163,DAT004,CAR077,SET013,1,1
CON219,PES163,EMP164,DAT004,CAR096,SET002,1,1
CON220,PES023,EMP022,DAT004,CAR013,SET002,1,1
CON221,PES023,EMP022,DAT004,CAR012,SET002,1,1
CON222,PES164,EMP165,DAT004,CAR078,SET002,1,1
CON223,PES164,EMP165,DAT004,CAR096,SET002,1,1
CON224,PES165,EMP166,DAT004,CAR033,SET002,1,1
CON225,PES166,EMP167,DAT004,CAR096,SET008,1,1
CON226,PES167,EMP069,DAT004,CAR126,SET002,1,1
CON227,PES167,EMP069,DAT004,CAR079,SET002,1,1
CON228,PES168,EMP168,DAT004,CAR003,SET002,1,1
CON229,PES169,EMP049,DAT004,CAR126,SET032,1,1
CON230,PES170,EMP169,DAT004,CAR003,SET002,1,1
CON231,PES171,EMP170,DAT004,CAR080,SET013,1,1
CON232,PES172,EMP171,DAT004,CAR096,SET013,1,1
CON233,PES172,EMP172,DAT004,CAR096,SET013,1,1
CON234,PES173,EMP173,DAT004,CAR081,SET010,0,1
CON235,PES173,EMP173,DAT004,CAR003,SET010,0,1
CON236,PES173,EMP173,DAT004,CAR003,SET036,0,1
CON237,PES173,EMP174,DAT004,CAR081,SET010,0,1
CON238,PES173,EMP173,DAT004,CAR082,SET010,0,1
CON239,PES174,EMP175,DAT004,CAR003,SET037,0,1
CON240,PES175,EMP176,DAT004,CAR083,SET010,1,1
CON241,PES176,EMP177,DAT005,CAR126,SET038,0,1
CON242,PES176,EMP177,DAT005,CAR126,SET038,0,1
CON243,PES177,EMP178,DAT005,CAR005,SET029,1,1
CON244,PES178,EMP179,DAT005,CAR005,SET026,0,1
CON245,PES179,EMP180,DAT005,CAR126,SET002,0,1
CON246,PES180,EMP181,DAT005,CAR126,SET002,1,1
CON247,PES180,EMP181,DAT005,CAR084,SET002,1,1
CON248,PES181,EMP182,DAT005,CAR126,SET003,0,1
CON249,PES182,EMP183,DAT005,CAR126,SET022,0,1
CON250,PES183,EMP184,DAT005,CAR005,SET002,1,1
CON251,PES184,EMP185,DAT005,CAR005,SET024,1,1
CON252,PES185,EMP186,DAT005,CAR005,SET039,0,1
CON253,PES186,EMP187,DAT005,CAR126,SET013,0,1
CON254,PES187,EMP188,DAT005,CAR005,SET002,1,1
CON255,PES188,EMP168,DAT005,CAR126,SET002,0,1
CON256,PES189,EMP189,DAT005,CAR126,SET032,0,1
CON257,PES190,EMP073,DAT005,CAR126,SET026,0,1
CON258,PES191,EMP190,DAT005,CAR005,SET002,0,1
CON259,PES192,EMP191,DAT005,CAR005,SET002,0,1
CON260,PES193,EMP192,DAT005,CAR005,SET026,0,1
CON261,PES194,EMP193,DAT005,CAR126,SET010,0,1
CON262,PES195,EMP194,DAT005,CAR003,SET013,0,1
CON263,PES196,EMP195,DAT005,CAR126,SET040,0,1
CON264,PES197,EMP112,DAT005,CAR005,SET021,0,1
CON265,PES198,EMP196,DAT005,CAR126,SET018,1,1
CON266,PES199,EMP197,DAT005,CAR005,SET041,0,1
CON267,PES200,EMP198,DAT005,CAR005,SET042,0,1
CON268,PES201,EMP199,DAT005,CAR126,SET013,0,1
CON269,PES202,EMP200,DAT005,CAR126,SET021,0,1
CON270,PES203,EMP201,DAT005,CAR085,SET002,0,1
CON271,PES204,EMP202,DAT005,CAR005,SET043,1,1
CON272,PES205,EMP202,DAT005,CAR005,SET044,1,1
CON273,PES206,EMP202,DAT005,CAR005,SET013,1,1
CON274,PES207,EMP202,DAT005,CAR005,SET008,1,1
CON275,PES208,EMP202,DAT005,CAR005,SET026,1,1
CON276,PES209,EMP203,DAT005,CAR005,SET008,0,1
CON277,PES210,EMP204,DAT005,CAR005,SET035,0,1
CON278,PES211,EMP205,DAT005,CAR005,SET035,0,1
CON279,PES212,EMP206,DAT005,CAR005,SET002,0,1
CON280,PES213,EMP207,DAT005,CAR003,SET002,0,1
CON281,PES214,EMP208,DAT005,CAR126,SET045,1,1
CON282,PES215,EMP209,DAT005,CAR003,SET002,0,1
CON283,PES216,EMP210,DAT005,CAR003,SET013,0,1
CON284,PES217,EMP211,DAT005,CAR126,SET046,0,1
CON285,PES218,EMP212,DAT005,CAR126,SET002,0,1
CON286,PES219,EMP213,DAT005,CAR126,SET044,0,1
CON287,PES220,EMP214,DAT005,CAR003,SET002,0,1
CON288,PES221,EMP073,DAT005,CAR126,SET013,0,1
CON289,PES222,EMP208,DAT005,CAR126,SET009,1,1
CON290,PES223,EMP208,DAT005,CAR126,SET009,1,1
CON291,PES224,EMP073,DAT006,CAR126,SET039,0,1
CON292,PES225,EMP215,DAT006,CAR126,SET002,0,1
CON293,PES226,EMP216,DAT006,CAR126,SET002,0,1
CON294,PES227,EMP217,DAT006,CAR005,SET008,0,1
CON295,PES228,EMP178,DAT006,CAR005,SET013,1,1
CON296,PES229,EMP218,DAT006,CAR003,SET002,0,1
CON297,PES229,EMP219,DAT006,CAR086,SET002,0,1
CON298,PES230,EMP220,DAT006,CAR087,SET013,0,1
CON299,PES231,EMP221,DAT006,CAR005,SET035,0,1
CON300,PES232,EMP222,DAT006,CAR003,SET002,0,1
CON301,PES233,EMP223,DAT006,CAR005,SET013,0,1
CON302,PES234,EMP224,DAT006,CAR003,SET047,1,1
CON303,PES235,EMP225,DAT006,CAR003,SET008,0,1
CON304,PES236,EMP226,DAT006,CAR088,SET013,0,1
CON305,PES237,EMP208,DAT006,CAR005,SET002,1,1
CON306,PES238,EMP227,DAT006,CAR126,SET010,1,1
CON307,PES238,EMP227,DAT006,CAR089,SET010,1,1
CON308,PES239,EMP228,DAT006,CAR003,SET013,1,1
CON309,PES240,EMP229,DAT006,CAR090,SET026,0,1
CON310,PES241,EMP230,DAT006,CAR003,SET002,0,1
CON311,PES242,EMP231,DAT006,CAR003,SET002,0,1
CON312,PES243,EMP232,DAT006,CAR126,SET048,0,1
CON313,PES244,EMP073,DAT006,CAR126,SET013,0,1
CON314,PES245,EMP233,DAT006,CAR005,SET002,0,1
CON315,PES246,EMP234,DAT006,CAR005,SET013,0,1
CON316,PES247,EMP097,DAT006,CAR003,SET013,0,1
CON317,PES248,EMP235,DAT006,CAR126,SET002,0,1
CON318,PES249,EMP236,DAT006,CAR126,SET011,0,1
CON319,PES250,EMP237,DAT006,CAR126,SET002,0,1
CON320,PES251,EMP202,DAT006,CAR005,SET002,1,1
CON321,PES252,EMP204,DAT006,CAR005,SET049,0,1
CON322,PES253,EMP202,DAT006,CAR005,SET013,1,1
CON323,PES254,EMP238,DAT006,CAR005,SET013,0,1
CON324,PES255,EMP239,DAT006,CAR003,SET002,0,1
CON325,PES256,EMP240,DAT006,CAR003,SET050,0,1
CON326,PES257,EMP241,DAT006,CAR005,SET020,0,1
CON327,PES258,EMP242,DAT006,CAR126,SET002,1,1
CON328,PES259,EMP073,DAT006,CAR126,SET013,0,1
CON329,PES260,EMP243,DAT006,CAR003,SET033,0,1
CON330,PES261,EMP244,DAT006,CAR005,SET002,0,1
CON331,PES262,EMP245,DAT006,CAR003,SET002,0,1
CON332,PES263,EMP246,DAT006,CAR126,SET010,0,1
CON333,PES264,EMP204,DAT006,CAR005,SET049,0,1
CON334,PES265,EMP202,DAT006,CAR091,SET018,1,1
CON335,PES265,EMP202,DAT006,CAR005,SET018,1,1
CON336,PES266,EMP247,DAT006,CAR005,SET051,0,1
CON337,PES266,EMP247,DAT006,CAR092,SET051,0,1
CON338,PES267,EMP248,DAT006,CAR093,SET002,0,1
CON339,PES267,EMP248,DAT006,CAR005,SET002,0,1
CON340,PES268,EMP249,DAT006,CAR005,SET002,0,1
CON341,PES269,EMP250,DAT007,CAR126,SET052,0,1
CON342,PES270,EMP251,DAT007,CAR094,SET032,0,1
CON343,PES270,EMP252,DAT007,CAR126,SET032,0,1
CON344,PES270,EMP252,DAT007,CAR095,SET032,0,1
CON345,PES271,EMP253,DAT007,CAR003,SET003,0,1
CON346,PES272,EMP254,DAT007,CAR003,SET010,0,1
CON347,PES273,EMP255,DAT007,CAR003,SET002,0,1
CON348,PES274,EMP256,DAT007,CAR003,SET013,0,1
CON349,PES275,EMP257,DAT007,CAR003,SET006,0,1
CON350,PES276,EMP258,DAT007,CAR126,SET009,0,1
CON351,PES277,EMP259,DAT007,CAR003,SET002,0,1
CON352,PES278,EMP260,DAT007,CAR096,SET003,1,1
CON353,PES278,EMP261,DAT007,CAR096,SET003,1,1
CON354,PES278,EMP262,DAT007,CAR096,SET003,1,1
CON355,PES278,EMP263,DAT007,CAR096,SET003,1,1
CON356,PES279,EMP264,DAT007,CAR096,SET002,0,1
CON357,PES280,EMP265,DAT007,CAR096,SET053,0,1
CON358,PES281,EMP266,DAT007,CAR096,SET002,0,1
CON359,PES282,EMP267,DAT007,CAR096,SET013,0,1
CON360,PES283,EMP268,DAT007,CAR096,SET002,0,1
CON361,PES283,EMP268,DAT007,CAR008,SET002,0,1
CON362,PES284,EMP269,DAT007,CAR096,SET002,1,1
CON363,PES285,EMP269,DAT007,CAR096,SET002,1,1
CON364,PES286,EMP270,DAT007,CAR096,SET002,0,1
CON365,PES287,EMP271,DAT007,CAR096,SET038,0,1
CON366,PES287,EMP271,DAT007,CAR096,SET038,0,1
CON367,PES288,EMP272,DAT007,CAR096,SET002,0,1
CON368,PES289,EMP273,DAT007,CAR096,SET013,0,1
CON369,PES290,EMP274,DAT007,CAR097,SET002,0,1
CON370,PES291,EMP275,DAT007,CAR096,SET002,0,1
CON371,PES292,EMP276,DAT007,CAR096,SET010,0,1
CON372,PES293,EMP277,DAT007,CAR024,SET002,0,1
CON373,PES294,EMP278,DAT007,CAR003,SET002,0,1
CON374,PES295,EMP279,DAT007,CAR005,SET002,0,1
CON375,PES296,EMP280,DAT007,CAR005,SET002,0,1
CON376,PES296,EMP280,DAT007,CAR005,SET002,0,1
CON377,PES297,EMP281,DAT007,CAR003,SET054,0,1
CON378,PES298,EMP282,DAT007,CAR026,SET013,0,1
CON379,PES299,EMP283,DAT007,CAR098,SET055,0,1
CON380,PES300,EMP284,DAT007,CAR003,SET002,0,1
CON381,PES300,EMP284,DAT007,CAR099,SET002,0,1
CON382,PES301,EMP285,DAT007,CAR003,SET002,0,1
CON383,PES302,EMP286,DAT007,CAR100,SET009,1,1
CON384,PES302,EMP286,DAT007,CAR101,SET009,1,1
CON385,PES303,EMP287,DAT007,CAR005,SET002,0,1
CON386,PES304,EMP081,DAT007,CAR005,SET008,1,1
CON387,PES305,EMP288,DAT007,CAR126,SET002,0,1
CON388,PES306,EMP289,DAT007,CAR005,SET024,0,1
CON389,PES307,EMP290,DAT007,CAR126,SET009,1,1
CON390,PES308,EMP291,DAT007,CAR126,SET005,0,1
CON391,PES309,EMP292,DAT008,CAR126,SET002,0,1
CON392,PES310,EMP293,DAT008,CAR005,SET056,0,1
CON393,PES311,EMP294,DAT008,CAR126,SET002,1,1
CON394,PES312,EMP295,DAT008,CAR005,SET002,0,1
CON395,PES313,EMP296,DAT008,CAR003,SET002,0,1
CON396,PES314,EMP297,DAT008,CAR126,SET046,0,1
CON397,PES315,EMP298,DAT008,CAR126,SET002,1,1
CON398,PES316,EMP299,DAT008,CAR126,SET057,0,1
CON399,PES317,EMP049,DAT008,CAR126,SET032,1,1
CON400,PES318,EMP300,DAT008,CAR005,SET058,1,1
CON401,PES319,EMP301,DAT008,CAR126,SET026,0,1
CON402,PES320,EMP302,DAT008,CAR126,SET002,0,1
CON403,PES321,EMP303,DAT008,CAR126,SET002,1,1
CON404,PES322,EMP303,DAT008,CAR126,SET002,1,1
CON405,PES322,EMP303,DAT008,CAR102,SET002,1,1
CON406,PES323,EMP304,DAT008,CAR103,SET002,1,1
CON407,PES323,EMP305,DAT008,CAR003,SET002,1,1
CON408,PES323,EMP305,DAT008,CAR104,SET002,1,1
CON409,PES324,EMP306,DAT008,CAR126,SET003,0,1
CON410,PES325,EMP307,DAT008,CAR126,SET010,0,1
CON411,PES326,EMP308,DAT008,CAR005,SET013,0,1
CON412,PES327,EMP309,DAT008,CAR105,SET030,0,1
CON413,PES328,EMP310,DAT008,CAR005,SET002,0,1
CON414,PES329,EMP311,DAT008,CAR005,SET035,0,1
CON415,PES330,EMP312,DAT008,CAR005,SET026,0,1
CON416,PES331,EMP313,DAT008,CAR106,SET002,0,1
CON417,PES332,EMP314,DAT008,CAR126,SET021,0,1
CON418,PES333,EMP315,DAT008,CAR005,SET003,0,1
CON419,PES334,EMP316,DAT008,CAR126,SET059,1,1
CON420,PES335,EMP317,DAT008,CAR126,SET008,0,1
CON421,PES335,EMP317,DAT008,CAR107,SET008,0,1
CON422,PES336,EMP318,DAT008,CAR126,SET005,0,1
CON423,PES337,EMP319,DAT008,CAR003,SET013,0,1
CON424,PES338,EMP320,DAT008,CAR108,SET060,0,1
CON425,PES339,EMP321,DAT008,CAR005,SET002,0,1
CON426,PES340,EMP322,DAT008,CAR126,SET002,0,1
CON427,PES341,EMP323,DAT008,CAR126,SET002,0,1
CON428,PES342,EMP302,DAT008,CAR003,SET057,0,1
CON429,PES343,EMP324,DAT008,CAR109,SET013,1,1
CON430,PES344,EMP208,DAT008,CAR126,SET009,1,1
CON431,PES345,EMP325,DAT008,CAR003,SET008,0,1
CON432,PES346,EMP326,DAT008,CAR003,SET002,0,1
CON433,PES347,EMP327,DAT008,CAR003,SET013,0,1
CON434,PES348,EMP328,DAT008,CAR003,SET002,0,1
CON435,PES349,EMP329,DAT008,CAR005,SET002,0,1
CON436,PES350,EMP330,DAT008,CAR005,SET002,0,1
CON437,PES350,EMP330,DAT008,CAR110,SET002,0,1
CON438,PES351,EMP329,DAT008,CAR005,SET002,0,1
CON439,PES352,EMP329,DAT008,CAR005,SET002,0,1
CON440,PES353,EMP331,DAT008,CAR005,SET002,0,1
CON441,PES354,EMP315,DAT008,CAR005,SET002,0,1
CON442,PES355,EMP332,DAT008,CAR005,SET042,1,1
CON443,PES356,EMP332,DAT008,CAR005,SET042,0,1
CON444,PES357,EMP332,DAT008,CAR005,SET042,0,1
CON445,PES358,EMP333,DAT008,CAR005,SET035,0,1
CON446,PES359,EMP334,DAT008,CAR003,SET002,0,1
CON447,PES360,EMP335,DAT008,CAR005,SET061,0,1
CON448,PES361,EMP336,DAT009,CAR003,SET002,0,1
CON449,PES362,EMP337,DAT009,CAR003,SET002,0,1
CON450,PES363,EMP142,DAT009,CAR126,SET006,1,1
CON451,PES364,EMP338,DAT009,CAR003,SET002,0,1
CON452,PES365,EMP339,DAT009,CAR003,SET002,0,1
CON453,PES366,EMP340,DAT009,CAR003,SET002,0,1
CON454,PES366,EMP340,DAT009,CAR031,SET002,0,1
CON455,PES367,EMP341,DAT009,CAR003,SET013,0,1
CON456,PES093,EMP094,DAT009,CAR003,SET062,0,1
CON457,PES368,EMP342,DAT009,CAR003,SET002,0,1
CON458,PES369,EMP343,DAT009,CAR126,SET002,0,1
CON459,PES370,EMP344,DAT009,CAR003,SET013,0,1
CON460,PES371,EMP317,DAT009,CAR126,SET032,0,1
CON461,PES372,EMP317,DAT009,CAR126,SET063,0,1
CON462,PES373,EMP317,DAT009,CAR126,SET008,0,1
CON463,PES374,EMP345,DAT009,CAR126,SET002,0,1
CON464,PES375,EMP346,DAT009,CAR126,SET002,0,1
CON465,PES376,EMP347,DAT009,CAR126,SET002,0,1
CON466,PES377,EMP348,DAT009,CAR126,SET002,0,1
CON467,PES378,EMP294,DAT009,CAR003,SET003,1,1
CON468,PES045,EMP048,DAT009,CAR003,SET002,0,1
CON469,PES379,EMP104,DAT009,CAR126,SET011,0,1
CON470,PES380,EMP349,DAT009,CAR003,SET013,0,1
CON471,PES381,EMP350,DAT009,CAR005,SET064,0,1
CON472,PES382,EMP351,DAT009,CAR028,SET002,0,1
CON473,PES383,EMP352,DAT009,CAR003,SET003,0,1
CON474,PES384,EMP353,DAT009,CAR126,SET048,0,1
CON475,PES385,EMP354,DAT009,CAR005,SET035,0,1
CON476,PES102,EMP104,DAT009,CAR126,SET011,0,1
CON477,PES386,EMP104,DAT009,CAR126,SET032,0,1
CON478,PES387,EMP009,DAT009,CAR005,SET020,0,1
CON479,PES388,EMP355,DAT009,CAR003,SET008,0,1
CON480,PES389,EMP356,DAT009,CAR126,SET005,0,1
CON481,PES390,EMP294,DAT009,CAR111,SET002,1,1
CON482,PES391,EMP357,DAT009,CAR003,SET013,0,1
CON483,PES392,EMP358,DAT009,CAR003,SET002,0,1
CON484,PES393,EMP359,DAT009,CAR003,SET002,0,1
CON485,PES394,EMP286,DAT009,CAR126,SET040,1,1
CON486,PES395,EMP360,DAT009,CAR126,SET030,1,1
CON487,PES396,EMP361,DAT009,CAR003,SET009,0,1
CON488,PES397,EMP362,DAT009,CAR126,SET009,0,1
CON489,PES398,EMP363,DAT009,CAR126,SET013,0,1
CON490,PES399,EMP364,DAT009,CAR112,SET002,0,1
CON491,PES399,EMP364,DAT009,CAR003,SET002,0,1
CON492,PES400,EMP365,DAT009,CAR003,SET002,0,1
CON493,PES401,EMP366,DAT009,CAR005,SET002,0,1
CON494,PES402,EMP367,DAT009,CAR003,SET002,0,1
CON495,PES403,EMP367,DAT009,CAR003,SET065,0,1
CON496,PES404,EMP368,DAT009,CAR003,SET002,0,1
CON497,PES404,EMP368,DAT009,CAR099,SET002,0,1
CON498,PES404,EMP368,DAT009,CAR113,SET002,0,1
CON499,PES405,EMP369,DAT009,CAR096,SET011,0,1
CON500,PES406,EMP370,DAT009,CAR003,SET030,0,1
CON501,PES407,EMP371,DAT009,CAR003,SET002,0,1
CON502,PES408,EMP372,DAT010,CAR096,SET013,0,1
CON503,PES409,EMP302,DAT010,CAR005,SET002,0,1
CON504,PES410,EMP329,DAT010,CAR005,SET066,0,1
CON505,PES411,EMP373,DAT010,CAR003,SET002,0,1
CON506,PES412,EMP374,DAT010,CAR003,SET002,0,1
CON507,PES413,EMP375,DAT010,CAR003,SET002,0,1
CON508,PES414,EMP376,DAT010,CAR003,SET002,0,1
CON509,PES415,EMP286,DAT010,CAR003,SET002,1,1
CON510,PES416,EMP377,DAT010,CAR005,SET015,0,1
CON511,PES417,EMP378,DAT010,CAR003,SET008,0,1
CON512,PES418,EMP379,DAT010,CAR003,SET013,0,1
CON513,PES419,EMP380,DAT010,CAR096,SET002,0,1
CON514,PES420,EMP381,DAT010,CAR003,SET002,0,1
CON515,PES421,EMP382,DAT010,CAR003,SET067,0,1
CON516,PES422,EMP302,DAT010,CAR003,SET002,0,1
CON517,PES423,EMP383,DAT010,CAR126,SET002,0,1
CON518,PES424,EMP384,DAT010,CAR003,SET002,0,1
CON519,PES425,EMP385,DAT010,CAR114,SET016,0,1
CON520,PES426,EMP386,DAT010,CAR005,SET002,0,1
CON521,PES427,EMP387,DAT010,CAR005,SET002,0,1
CON522,PES428,EMP388,DAT010,CAR126,SET003,0,1
CON523,PES429,EMP389,DAT010,CAR003,SET013,0,1
CON524,PES430,EMP390,DAT010,CAR096,SET013,0,1
CON525,PES431,EMP391,DAT010,CAR126,SET009,0,1
CON526,PES432,EMP340,DAT010,CAR096,SET002,0,1
CON527,PES433,EMP392,DAT010,CAR003,SET015,0,1
CON528,PES434,EMP393,DAT010,CAR096,SET028,0,1
CON529,PES434,EMP393,DAT010,CAR115,SET028,0,1
CON530,PES435,EMP394,DAT010,CAR003,SET013,0,1
CON531,PES436,EMP395,DAT010,CAR003,SET008,0,1
CON532,PES437,EMP396,DAT010,CAR003,SET013,0,1
CON533,PES438,EMP302,DAT010,CAR126,SET009,0,1
CON534,PES439,EMP397,DAT010,CAR003,SET068,0,1
CON535,PES097,EMP098,DAT010,CAR003,SET013,0,1
CON536,PES440,EMP398,DAT010,CAR005,SET069,0,1
CON537,PES441,EMP399,DAT010,CAR003,SET002,0,1
CON538,PES442,EMP400,DAT010,CAR096,SET002,0,1
CON539,PES443,EMP401,DAT010,CAR096,SET013,0,1
CON540,PES444,EMP402,DAT010,CAR028,SET002,0,1
CON541,PES444,EMP403,DAT010,CAR003,SET002,0,1
CON542,PES445,EMP404,DAT010,CAR096,SET002,0,1
CON543,PES446,EMP405,DAT010,CAR116,SET043,0,1
CON544,PES447,EMP406,DAT010,CAR003,SET013,0,1
CON545,PES448,EMP346,DAT010,CAR005,SET041,0,1
CON546,PES449,EMP407,DAT010,CAR096,SET009,0,1
CON547,PES450,EMP408,DAT010,CAR117,SET002,0,1
CON548,PES451,EMP409,DAT010,CAR003,SET070,0,1
CON549,PES452,EMP410,DAT010,CAR003,SET002,0,1
CON550,PES453,EMP411,DAT010,CAR096,SET002,0,1
CON551,PES454,EMP412,DAT010,CAR096,SET013,0,1
CON552,PES455,EMP413,DAT010,CAR096,SET002,0,1
CON553,PES455,EMP414,DAT010,CAR118,SET002,0,1
CON554,PES456,EMP415,DAT011,CAR003,SET002,0,1
CON555,PES457,EMP416,DAT011,CAR003,SET002,0,1
CON556,PES458,EMP417,DAT011,CAR003,SET062,0,1
CON557,PES459,EMP418,DAT011,CAR003,SET008,0,1
CON558,PES460,EMP419,DAT011,CAR096,SET008,0,1
CON559,PES461,EMP420,DAT011,CAR119,SET003,0,1
CON560,PES462,EMP421,DAT011,CAR026,SET008,0,1
CON561,PES463,EMP422,DAT011,CAR096,SET002,0,1
CON562,PES464,EMP423,DAT011,CAR096,SET002,0,1
CON563,PES465,EMP424,DAT011,CAR096,SET013,0,1
CON564,PES466,EMP425,DAT011,CAR003,SET008,0,1
CON565,PES467,EMP426,DAT011,CAR096,SET002,0,1
CON566,PES468,EMP427,DAT011,CAR096,SET071,0,1
CON567,PES469,EMP318,DAT011,CAR126,SET009,0,1
CON568,PES470,EMP428,DAT011,CAR005,SET058,0,1
CON569,PES471,EMP429,DAT011,CAR005,SET022,0,1
CON570,PES472,EMP430,DAT011,CAR003,SET013,0,1
CON571,PES473,EMP431,DAT011,CAR003,SET010,0,1
CON572,PES474,EMP432,DAT011,CAR096,SET002,0,1
CON573,PES475,EMP433,DAT011,CAR126,SET021,0,1
CON574,PES476,EMP434,DAT011,CAR005,SET008,0,1
CON575,PES477,EMP435,DAT011,CAR096,SET013,0,1
CON576,PES478,EMP436,DAT011,CAR019,SET002,1,1
CON577,PES479,EMP436,DAT011,CAR019,SET002,0,1
CON578,PES480,EMP104,DAT011,CAR126,SET009,0,1
CON579,PES481,EMP104,DAT011,CAR126,SET011,0,1
CON580,PES482,EMP437,DAT011,CAR126,SET012,0,1
CON581,PES483,EMP438,DAT011,CAR126,SET002,0,1
CON582,PES484,EMP080,DAT011,CAR005,SET035,1,1
CON583,PES485,EMP080,DAT011,CAR005,SET008,1,1
CON584,PES485,EMP080,DAT011,CAR120,SET008,1,1
CON585,PES486,EMP080,DAT011,CAR005,SET008,1,1
CON586,PES487,EMP360,DAT011,CAR126,SET003,1,1
CON587,PES488,EMP439,DAT011,CAR005,SET002,0,1
CON588,PES489,EMP004,DAT011,CAR005,SET002,0,1
CON589,PES490,EMP440,DAT011,CAR005,SET035,1,1
CON590,PES491,EMP004,DAT011,CAR005,SET069,0,1
CON591,PES492,EMP441,DAT011,CAR005,SET044,0,1
CON592,PES493,EMP190,DAT011,CAR005,SET002,1,1
CON593,PES494,EMP442,DAT011,CAR005,SET012,0,1
CON594,PES495,EMP443,DAT011,CAR005,SET072,0,1
CON595,PES496,EMP444,DAT011,CAR005,SET013,0,1
CON596,PES497,EMP445,DAT011,CAR121,SET073,1,1
CON597,PES497,EMP445,DAT011,CAR122,SET073,1,1
CON598,PES498,EMP446,DAT011,CAR126,SET032,1,1
CON599,PES499,EMP447,DAT011,CAR005,SET002,1,1
CON600,PES500,EMP448,DAT011,CAR005,SET074,1,1
CON601,PES501,EMP449,DAT011,CAR005,SET013,0,1
CON602,PES502,EMP450,DAT011,CAR126,SET002,1,1
CON603,PES503,EMP451,DAT011,CAR005,SET041,1,1
CON604,PES504,EMP204,DAT011,CAR005,SET026,1,1
CON605,PES505,EMP204,DAT011,CAR005,SET008,1,1
CON606,PES506,EMP185,DAT011,CAR005,SET068,1,1
CON607,PES507,EMP452,DAT012,CAR005,SET013,0,1
CON608,PES508,EMP453,DAT012,CAR005,SET006,0,1
CON609,PES509,EMP454,DAT012,CAR126,SET002,0,1
CON610,PES510,EMP455,DAT012,CAR123,SET018,0,1
CON611,PES511,EMP456,DAT012,CAR005,SET002,1,1
CON612,PES512,EMP457,DAT012,CAR005,SET013,1,1
CON613,PES513,EMP458,DAT012,CAR005,SET002,1,1
CON614,PES514,EMP459,DAT012,CAR005,SET002,0,1
CON615,PES515,EMP235,DAT012,CAR003,SET002,1,1
CON616,PES516,EMP235,DAT012,CAR003,SET002,1,1
CON617,PES517,EMP460,DAT012,CAR005,SET002,1,1
CON618,PES518,EMP461,DAT012,CAR126,SET013,0,1
CON619,PES519,EMP462,DAT012,CAR005,SET075,0,1
CON620,PES520,EMP463,DAT012,CAR005,SET076,1,1
CON621,PES521,EMP464,DAT012,CAR103,SET039,1,1
CON622,PES522,EMP464,DAT012,CAR103,SET039,1,1
CON623,PES522,EMP465,DAT012,CAR005,SET039,1,1
CON624,PES523,EMP466,DAT012,CAR005,SET068,1,1
CON625,PES524,EMP467,DAT012,CAR005,SET035,1,1
CON626,PES525,EMP468,DAT012,CAR124,SET002,0,1
CON627,PES526,EMP469,DAT012,CAR005,SET029,0,1
CON628,PES527,EMP020,DAT012,CAR005,SET009,1,1
CON629,PES528,EMP470,DAT012,CAR003,SET005,1,1
CON630,PES529,EMP200,DAT012,CAR126,SET013,1,1
CON631,PES530,EMP085,DAT012,CAR003,SET013,1,1
CON632,PES531,EMP204,DAT012,CAR005,SET049,0,1
CON633,PES532,EMP471,DAT012,CAR126,SET002,1,1
CON634,PES532,EMP471,DAT012,CAR125,SET002,1,1
CON635,PES533,EMP472,DAT012,CAR126,SET013,1,1
CON636,PES534,EMP473,DAT012,CAR126,SET077,0,1
CON637,PES535,EMP474,DAT012,CAR003,SET002,0,1
CON638,PES535,EMP474,DAT012,CAR127,SET002,0,1
CON639,PES536,EMP475,DAT012,CAR003,SET002,1,1
CON640,PES537,EMP476,DAT012,CAR003,SET002,1,1
CON641,PES538,EMP477,DAT012,CAR003,SET002,1,1
CON642,PES539,EMP478,DAT012,CAR005,SET013,1,1
CON643,PES540,EMP256,DAT012,CAR005,SET078,1,1
CON644,PES541,EMP448,DAT012,CAR005,SET013,0,1
CON645,PES542,EMP479,DAT012,CAR003,SET002,1,1
CON646,PES543,EMP480,DAT012,CAR003,SET002,0,1
CON647,PES544,EMP481,DAT012,CAR126,SET011,1,1
CON648,PES545,EMP482,DAT012,CAR126,SET010,1,1
CON649,PES546,EMP483,DAT012,CAR005,SET079,1,1
CON650,PES547,EMP483,DAT012,CAR005,SET079,1,1
CON651,PES548,EMP484,DAT012,CAR005,SET066,1,1
CON652,PES548,EMP484,DAT012,CAR128,SET066,1,1
CON653,PES549,EMP485,DAT012,CAR005,SET002,1,1
CON654,PES550,EMP486,DAT012,CAR005,SET002,1,1
CON655,PES551,EMP466,DAT012,CAR005,SET002,1,1
CON656,PES552,EMP486,DAT012,CAR005,SET002,1,1
CON657,PES553,EMP487,DAT012,CAR005,SET002,1,1
CON658,PES554,EMP488,DAT012,CAR005,SET008,1,1
CON659,PES555,EMP489,DAT012,CAR126,SET002,1,1
CON660,PES556,EMP490,DAT012,CAR005,SET017,1,1
CON661,PES557,EMP491,DAT012,CAR003,SET008,1,1
CON662,PES558,EMP492,DAT012,CAR129,SET008,1,1
CON663,PES559,EMP493,DAT012,CAR003,SET002,1,1
CON664,PES560,EMP493,DAT012,CAR003,SET002,1,1
CON665,PES561,EMP494,DAT012,CAR003,SET080,1,1
CON666,PES562,EMP494,DAT012,CAR003,SET080,1,1
CON667,PES563,EMP495,DAT013,CAR003,SET002,1,1
CON668,PES564,EMP495,DAT013,CAR003,SET002,1,1
CON669,PES565,EMP496,DAT013,CAR005,SET057,1,1
CON670,PES566,EMP497,DAT013,CAR003,SET002,1,1
CON671,PES567,EMP497,DAT013,CAR003,SET002,1,1
CON672,PES568,EMP498,DAT013,CAR126,SET006,1,1
CON673,PES569,EMP499,DAT013,CAR003,SET002,1,1
CON674,PES570,EMP500,DAT013,CAR003,SET015,0,1
CON675,PES571,EMP204,DAT013,CAR005,SET065,1,1
CON676,PES572,EMP501,DAT013,CAR126,SET019,1,1
CON677,PES573,EMP502,DAT013,CAR005,SET038,1,1
CON678,PES574,EMP503,DAT013,CAR005,SET002,1,1
CON679,PES575,EMP504,DAT013,CAR005,SET081,0,1
CON680,PES576,EMP505,DAT013,CAR126,SET032,1,1
CON681,PES577,EMP506,DAT013,CAR126,SET013,1,1
CON682,PES578,EMP507,DAT013,CAR005,SET002,0,1
CON683,PES578,EMP507,DAT013,CAR005,SET002,0,1
CON684,PES579,EMP379,DAT013,CAR005,SET013,1,1
CON685,PES579,EMP379,DAT013,CAR130,SET013,1,1
CON686,PES580,EMP508,DAT013,CAR003,SET082,1,1
CON687,PES581,EMP509,DAT013,CAR131,SET083,0,1
CON688,PES582,EMP510,DAT013,CAR003,SET002,1,1
CON689,PES583,EMP511,DAT013,CAR126,SET009,1,1
CON690,PES584,EMP512,DAT013,CAR126,SET002,1,1
CON691,PES585,EMP512,DAT013,CAR126,SET002,1,1
CON692,PES586,EMP513,DAT013,CAR003,SET013,1,1
CON693,PES587,EMP514,DAT013,CAR003,SET002,1,1
CON694,PES588,EMP392,DAT013,CAR003,SET002,1,1
CON695,PES589,EMP515,DAT013,CAR126,SET084,1,1
CON696,PES590,EMP516,DAT013,CAR132,SET026,1,1
CON697,PES591,EMP517,DAT013,CAR003,SET026,1,1
CON698,PES592,EMP518,DAT013,CAR133,SET022,1,1
CON699,PES592,EMP518,DAT013,CAR005,SET022,1,1
CON700,PES593,EMP519,DAT013,CAR134,SET013,1,1
CON701,PES593,EMP519,DAT013,CAR126,SET013,1,1
CON702,PES594,EMP520,DAT013,CAR003,SET002,1,1
CON703,PES594,EMP520,DAT013,CAR135,SET002,1,1
CON704,PES595,EMP521,DAT013,CAR003,SET008,1,1
CON705,PES596,EMP522,DAT013,CAR096,SET002,1,1
CON706,PES597,EMP523,DAT013,CAR136,SET008,0,1
CON707,PES598,EMP523,DAT013,CAR136,SET008,1,1
CON708,PES598,EMP523,DAT013,CAR126,SET008,1,1
CON709,PES598,EMP523,DAT013,CAR126,SET008,1,1
CON710,PES599,EMP524,DAT013,CAR096,SET008,1,1
CON711,PES600,EMP525,DAT013,CAR137,SET002,1,1
CON712,PES601,EMP472,DAT013,CAR126,SET001,1,1
CON713,PES602,EMP472,DAT013,CAR126,SET001,0,1
CON714,PES603,EMP526,DAT013,CAR005,SET008,0,1
CON715,PES604,EMP526,DAT013,CAR005,SET008,1,1
CON716,PES605,EMP527,DAT013,CAR003,SET026,1,1
CON717,PES606,EMP528,DAT013,CAR005,SET020,1,1
CON718,PES607,EMP529,DAT013,CAR096,SET002,1,1
CON719,PES607,EMP529,DAT013,CAR096,SET002,1,1
CON720,PES608,EMP530,DAT013,CAR003,SET013,1,1
CON721,PES609,EMP531,DAT013,CAR005,SET035,1,1
CON722,PES610,EMP532,DAT013,CAR138,SET002,1,1
CON723,PES610,EMP532,DAT013,CAR003,SET002,1,1
CON724,PES611,EMP533,DAT013,CAR003,SET002,1,1
CON725,PES612,EMP534,DAT013,CAR003,SET002,1,1
CON726,PES613,EMP535,DAT013,CAR005,SET035,1,1
CON727,PES614,EMP536,DAT013,CAR003,SET002,1,1
CON728,PES615,EMP537,DAT013,CAR096,SET060,1,1
CON729,PES616,EMP538,DAT013,CAR003,SET013,1,1
CON730,PES617,EMP452,DAT013,CAR005,SET013,1,1
CON731,PES618,EMP539,DAT013,CAR005,SET066,1,1
CON732,PES619,EMP540,DAT013,CAR096,SET013,1,1
CON733,PES620,EMP541,DAT014,CAR003,SET002,1,1
CON734,PES621,EMP542,DAT014,CAR003,SET013,1,1
CON735,PES622,EMP543,DAT014,CAR003,SET013,1,1
CON736,PES623,EMP544,DAT014,CAR003,SET002,1,1
CON737,PES624,EMP545,DAT014,CAR003,SET013,1,1
CON738,PES625,EMP546,DAT014,CAR096,SET002,1,1
CON739,PES626,EMP547,DAT014,CAR096,SET013,1,1
CON740,PES627,EMP548,DAT014,CAR096,SET013,1,1
CON741,PES628,EMP549,DAT014,CAR003,SET085,1,1
CON742,PES629,EMP550,DAT014,CAR096,SET002,1,1
CON743,PES630,EMP551,DAT014,CAR096,SET002,1,1
CON744,PES631,EMP552,DAT014,CAR139,SET002,1,1
CON745,PES632,EMP553,DAT014,CAR003,SET002,1,1
CON746,PES633,EMP554,DAT014,CAR126,SET009,1,1
CON747,PES634,EMP555,DAT014,CAR126,SET002,1,1
CON748,PES635,EMP029,DAT014,CAR003,SET002,1,1
CON749,PES636,EMP556,DAT014,CAR140,SET002,1,1
CON750,PES636,EMP557,DAT014,CAR003,SET002,1,1
CON751,PES636,EMP557,DAT014,CAR141,SET002,1,1
CON752,PES637,EMP558,DAT014,CAR096,SET013,1,1
CON753,PES638,EMP559,DAT014,CAR005,SET013,1,1
CON754,PES639,EMP560,DAT014,CAR005,SET002,1,1
CON755,PES640,EMP561,DAT014,CAR003,SET002,1,1
CON756,PES641,EMP562,DAT014,CAR003,SET086,1,1
CON757,PES642,EMP563,DAT014,CAR003,SET002,1,1
CON758,PES643,EMP564,DAT014,CAR096,SET003,1,1
CON759,PES644,EMP565,DAT014,CAR005,SET087,1,1
CON760,PES645,EMP566,DAT014,CAR003,SET002,1,1
CON761,PES646,EMP567,DAT014,CAR003,SET003,1,1
CON762,PES647,EMP568,DAT014,CAR003,SET013,1,1
CON763,PES648,EMP569,DAT014,CAR096,SET002,1,1
CON764,PES649,EMP570,DAT014,CAR096,SET013,1,1
CON765,PES650,EMP571,DAT014,CAR096,SET013,1,1
CON766,PES651,EMP572,DAT014,CAR003,SET074,1,1
CON767,PES652,EMP559,DAT014,CAR005,SET013,1,1
CON768,PES653,EMP573,DAT014,CAR019,SET010,1,1
CON769,PES654,EMP574,DAT014,CAR126,SET071,0,1
CON770,PES011,EMP010,DAT014,CAR096,SET013,1,1
CON771,PES655,EMP575,DAT014,CAR005,SET009,1,1
CON772,PES656,EMP576,DAT014,CAR003,SET002,1,1
CON773,PES656,EMP576,DAT014,CAR003,SET002,1,1
CON774,PES657,EMP577,DAT014,CAR003,SET002,1,1
CON775,PES658,EMP578,DAT014,CAR096,SET003,1,1
CON776,PES659,EMP579,DAT014,CAR003,SET002,1,1
CON777,PES660,EMP580,DAT014,CAR005,SET035,1,1
CON778,PES661,EMP581,DAT014,CAR005,SET002,1,1
CON779,PES662,EMP582,DAT014,CAR005,SET002,1,1
CON780,PES663,EMP583,DAT014,CAR005,SET020,1,1
CON781,PES664,EMP584,DAT014,CAR003,SET013,1,1
CON782,PES665,EMP585,DAT014,CAR096,SET002,1,1
CON783,PES666,EMP586,DAT014,CAR005,SET008,1,1
CON784,PES667,EMP586,DAT014,CAR142,SET002,1,1
CON785,PES668,EMP587,DAT015,CAR005,SET035,1,1
CON786,PES669,EMP588,DAT015,CAR096,SET009,1,1
CON787,PES670,EMP589,DAT015,CAR126,SET008,1,1
CON788,PES671,EMP590,DAT015,CAR143,SET003,1,1
CON789,PES672,EMP237,DAT015,CAR144,SET002,1,1
CON790,PES672,EMP237,DAT015,CAR003,SET002,1,1
CON791,PES673,EMP448,DAT015,CAR126,SET002,1,1
CON792,PES674,EMP591,DAT015,CAR126,SET032,1,1
CON793,PES675,EMP592,DAT015,CAR126,SET009,1,1
CON794,PES676,EMP593,DAT015,CAR003,SET088,1,1
CON795,PES677,EMP594,DAT015,CAR003,SET002,1,1
CON796,PES678,EMP595,DAT015,CAR096,SET002,1,1
CON797,PES679,EMP596,DAT015,CAR096,SET003,1,1
CON798,PES680,EMP597,DAT015,CAR096,SET002,1,1
CON799,PES681,EMP598,DAT015,CAR003,SET002,1,1
CON800,PES682,EMP599,DAT015,CAR145,SET002,1,1
CON801,PES683,EMP600,DAT015,CAR003,SET002,1,1
CON802,PES684,EMP601,DAT015,CAR146,SET013,1,1
CON803,PES684,EMP601,DAT015,CAR096,SET013,1,1
CON804,PES685,EMP602,DAT015,CAR096,SET013,1,1
CON805,PES686,EMP213,DAT015,CAR003,SET002,1,1
CON806,PES686,EMP213,DAT015,CAR003,SET010,1,0
CON807,PES687,EMP603,DAT015,CAR003,SET032,1,1
CON808,PES688,EMP604,DAT015,CAR147,SET002,1,1
CON809,PES689,EMP605,DAT015,CAR003,SET002,1,0
CON810,PES690,EMP606,DAT015,CAR003,SET002,1,1
CON811,PES691,EMP607,DAT015,CAR003,SET002,1,1
CON812,PES692,EMP608,DAT015,CAR005,SET089,1,1
CON813,PES693,EMP259,DAT015,CAR003,SET002,1,1
CON814,PES694,EMP609,DAT015,CAR096,SET002,1,1
CON815,PES695,EMP610,DAT015,CAR096,SET021,1,1
CON816,PES695,EMP610,DAT015,CAR096,SET021,1,1
CON817,PES695,EMP610,DAT015,CAR096,SET021,1,1
CON818,PES696,EMP004,DAT015,CAR005,SET008,1,1
CON819,PES697,EMP611,DAT015,CAR126,SET002,1,1
CON820,PES697,EMP611,DAT015,CAR148,SET002,1,1
CON821,PES697,EMP611,DAT015,CAR149,SET002,1,1
CON822,PES698,EMP612,DAT015,CAR005,SET044,1,1
CON823,PES698,EMP612,DAT015,CAR150,SET044,1,1
CON824,PES698,EMP613,DAT015,CAR151,SET044,1,1
CON825,PES699,EMP614,DAT015,CAR096,SET026,1,1
CON826,PES700,EMP615,DAT015,CAR096,SET013,1,1
CON827,PES701,EMP616,DAT015,CAR096,SET074,1,1
CON828,PES702,EMP617,DAT015,CAR096,SET008,1,1
CON829,PES703,EMP618,DAT015,CAR096,SET002,1,1
CON830,PES704,EMP619,DAT015,CAR003,SET013,1,1
CON831,PES705,EMP620,DAT015,CAR096,SET008,1,1
CON832,PES706,EMP621,DAT015,CAR096,SET031,1,1
CON833,PES707,EMP622,DAT015,CAR003,SET013,1,1
CON834,PES708,EMP623,DAT015,CAR096,SET002,1,1
CON835,PES709,EMP624,DAT015,CAR096,SET013,1,1
CON836,PES710,EMP625,DAT015,CAR003,SET071,1,1
CON837,PES711,EMP626,DAT015,CAR003,SET002,1,1
CON838,PES712,EMP627,DAT015,CAR003,SET008,1,1
CON839,PES713,EMP628,DAT015,CAR003,SET021,1,1
CON840,PES714,EMP629,DAT015,CAR096,SET002,1,1
CON841,PES715,EMP630,DAT015,CAR096,SET002,1,1
CON842,PES716,EMP631,DAT015,CAR096,SET002,1,1
CON843,PES717,EMP632,DAT016,CAR096,SET002,0,1
CON844,PES718,EMP633,DAT016,CAR096,SET090,0,1
CON845,PES719,EMP634,DAT016,CAR096,SET008,1,1
CON846,PES720,EMP635,DAT016,CAR096,SET013,1,1
CON847,PES720,EMP635,DAT016,CAR096,SET013,1,1
CON848,PES721,EMP636,DAT016,CAR096,SET091,1,1
CON849,PES722,EMP637,DAT016,CAR026,SET024,1,1
CON850,PES723,EMP638,DAT016,CAR152,SET024,1,1
CON851,PES724,EMP639,DAT016,CAR096,SET071,1,1
CON852,PES725,EMP640,DAT016,CAR096,SET002,0,1
CON853,PES726,EMP641,DAT016,CAR096,SET092,1,1
CON854,PES727,EMP642,DAT016,CAR096,SET002,1,1
CON855,PES728,EMP643,DAT016,CAR096,SET093,1,1
CON856,PES729,EMP644,DAT016,CAR096,SET015,1,1
CON857,PES730,EMP645,DAT016,CAR096,SET013,1,1
CON858,PES731,EMP646,DAT016,CAR003,SET002,0,1
CON859,PES732,EMP647,DAT016,CAR003,SET002,1,1
CON860,PES732,EMP647,DAT016,CAR003,SET002,1,1
CON861,PES733,EMP648,DAT016,CAR003,SET002,1,1
CON862,PES734,EMP649,DAT016,CAR003,SET002,1,1
CON863,PES735,EMP650,DAT016,CAR003,SET002,1,1
CON864,PES736,EMP651,DAT016,CAR005,SET050,1,1
CON865,PES736,EMP652,DAT016,CAR005,SET050,1,1
CON866,PES737,EMP653,DAT016,CAR005,SET008,1,1
CON867,PES738,EMP280,DAT016,CAR005,SET002,1,1
CON868,PES739,EMP005,DAT016,CAR005,SET002,1,1
CON869,PES740,EMP654,DAT016,CAR005,SET013,1,1
CON870,PES741,EMP655,DAT016,CAR003,SET002,1,1
CON871,PES742,EMP656,DAT016,CAR003,SET013,1,1
CON872,PES743,EMP657,DAT016,CAR003,SET008,1,1
CON873,PES744,EMP658,DAT016,CAR005,SET013,1,1
CON874,PES745,EMP659,DAT016,CAR003,SET009,1,1
CON875,PES745,EMP659,DAT016,CAR153,SET009,1,1
CON876,PES746,EMP660,DAT016,CAR003,SET002,1,1
CON877,PES747,EMP661,DAT016,CAR096,SET054,1,1
CON878,PES748,EMP662,DAT016,CAR003,SET002,1,1
CON879,PES749,EMP663,DAT016,CAR126,SET002,1,1
CON880,PES750,EMP664,DAT016,CAR096,SET013,1,1
CON881,PES751,EMP665,DAT016,CAR096,SET094,1,1
CON882,PES752,EMP666,DAT016,CAR096,SET002,1,1
CON883,PES753,EMP667,DAT016,CAR096,SET002,1,1
CON884,PES754,EMP668,DAT016,CAR096,SET002,1,1
CON885,PES755,EMP669,DAT016,CAR096,SET013,1,1
CON886,PES756,EMP670,DAT016,CAR096,SET009,1,1
CON887,PES284,EMP269,DAT016,CAR096,SET002,1,1
CON888,PES757,EMP671,DAT016,CAR003,SET002,1,1
CON889,PES758,EMP672,DAT016,CAR003,SET002,1,1
CON890,PES759,EMP673,DAT016,CAR003,SET002,1,1
CON891,PES759,EMP673,DAT016,CAR154,SET002,1,1
CON892,PES760,EMP674,DAT016,CAR003,SET002,1,1
CON893,PES761,EMP675,DAT016,CAR003,SET023,1,1
CON894,PES762,EMP676,DAT016,CAR003,SET002,1,1
CON895,PES763,EMP677,DAT016,CAR155,SET095,1,1
CON896,PES763,EMP677,DAT016,CAR003,SET095,1,1
CON897,PES764,EMP678,DAT017,CAR034,SET002,1,1
CON898,PES765,EMP679,DAT018,CAR156,SET033,1,1
CON899,PES766,EMP680,DAT018,CAR157,SET009,0,1
CON900,PES767,EMP681,DAT018,CAR158,SET034,1,1
CON901,PES767,EMP681,DAT018,CAR159,SET034,1,1
CON902,PES768,EMP682,DAT018,CAR159,SET034,1,1
CON903,PES769,EMP683,DAT019,CAR160,SET013,1,1
CON904,PES770,EMP684,DAT020,CAR161,SET002,0,1
CON905,PES771,EMP685,DAT020,CAR162,SET073,1,1
CON906,PES772,EMP686,DAT020,CAR163,SET008,0,1
CON907,PES773,EMP687,DAT020,CAR159,SET008,1,1
CON908,PES774,EMP688,DAT021,CAR164,SET072,1,1
CON909,PES775,EMP689,DAT021,CAR165,SET015,0,1
CON910,PES776,EMP690,DAT022,CAR166,SET002,1,1
CON911,PES777,EMP691,DAT022,CAR167,SET025,0,1
CON912,PES778,EMP692,DAT023,CAR168,SET096,0,1
CON913,PES779,EMP693,DAT023,CAR169,SET013,0,1
CON914,PES780,EMP694,DAT023,CAR170,SET008,0,1
CON915,PES781,EMP695,DAT024,CAR171,SET084,1,1
CON916,PES782,EMP696,DAT025,CAR172,SET073,1,1
CON917,PES783,EMP697,DAT026,CAR173,SET074,0,1
CON918,PES784,EMP698,DAT026,CAR174,SET097,0,1
CON919,PES785,EMP699,DAT026,CAR146,SET033,0,1
CON920,PES786,EMP699,DAT026,CAR146,SET033,1,1
CON921,PES786,EMP700,DAT026,CAR175,SET033,1,1
CON922,PES786,EMP699,DAT026,CAR176,SET033,1,1
CON923,PES787,EMP701,DAT027,CAR177,SET009,0,1
CON924,PES788,EMP702,DAT027,CAR096,SET002,1,1
CON925,PES789,EMP703,DAT027,CAR169,SET002,1,1
CON926,PES790,EMP704,DAT028,CAR144,SET002,0,1
CON927,PES791,EMP705,DAT029,CAR178,SET002,0,1
CON928,PES792,EMP706,DAT030,CAR179,SET074,0,1
CON929,PES793,EMP707,DAT031,CAR180,SET002,1,1
CON930,PES794,EMP708,DAT031,CAR181,SET025,1,1
CON931,PES795,EMP508,DAT031,CAR182,SET015,1,1
CON932,PES796,EMP709,DAT031,CAR183,SET002,1,1
CON933,PES797,EMP710,DAT031,CAR184,SET002,0,1
CON934,PES798,EMP710,DAT031,CAR184,SET002,0,1
CON935,PES799,EMP711,DAT031,CAR185,SET021,1,1
CON936,PES800,EMP712,DAT031,CAR186,SET098,0,1
CON937,PES801,EMP713,DAT031,CAR024,SET010,1,1
CON938,PES801,EMP713,DAT031,CAR187,SET010,1,1
CON939,PES801,EMP713,DAT031,CAR188,SET010,1,1
CON940,PES802,EMP714,DAT031,CAR189,SET002,1,1
CON941,PES803,EMP712,DAT031,CAR186,SET002,0,1
CON942,PES804,EMP715,DAT031,CAR190,SET015,1,1
CON943,PES805,EMP715,DAT031,CAR191,SET028,1,1
CON944,PES806,EMP714,DAT031,CAR192,SET002,1,1
CON945,PES807,EMP716,DAT031,CAR193,SET008,1,1
CON946,PES808,EMP715,DAT031,CAR194,SET038,1,1
CON947,PES809,EMP715,DAT031,CAR195,SET002,1,1
CON948,PES810,EMP717,DAT031,CAR196,SET070,1,1
CON949,PES811,EMP715,DAT031,CAR197,SET009,1,1
CON950,PES812,EMP715,DAT031,CAR191,SET099,1,1
CON951,PES813,EMP718,DAT031,CAR197,SET008,1,1
CON952,PES814,EMP719,DAT031,CAR198,SET026,1,1
CON953,PES815,EMP720,DAT031,CAR199,SET002,1,1
CON954,PES816,EMP721,DAT031,CAR196,SET002,1,1
CON955,PES817,EMP722,DAT031,CAR200,SET025,1,1
CON956,PES818,EMP723,DAT031,CAR197,SET002,1,1
CON957,PES819,EMP715,DAT031,CAR024,SET015,1,1
CON958,PES820,EMP724,DAT031,CAR201,SET094,1,1
CON959,PES821,EMP725,DAT031,CAR202,SET003,1,1
CON960,PES822,EMP713,DAT031,CAR203,SET013,1,1
CON961,PES822,EMP713,DAT031,CAR024,SET013,1,1
CON962,PES823,EMP715,DAT031,CAR204,SET002,1,1
CON963,PES824,EMP715,DAT031,CAR205,SET002,1,1
CON964,PES825,EMP715,DAT031,CAR206,SET021,1,1
CON965,PES826,EMP715,DAT031,CAR207,SET021,1,1
CON966,PES827,EMP726,DAT031,CAR208,SET031,1,1
CON967,PES827,EMP726,DAT031,CAR209,SET031,1,1
CON968,PES828,EMP727,DAT031,CAR210,SET002,1,1
CON969,PES829,EMP716,DAT031,CAR211,SET010,1,1
CON970,PES830,EMP724,DAT031,CAR024,SET002,1,1
CON971,PES831,EMP728,DAT031,CAR212,SET012,1,1
CON972,PES832,EMP729,DAT031,CAR024,SET064,1,1
CON973,PES833,EMP730,DAT031,CAR213,SET031,1,1
CON974,PES834,EMP731,DAT031,CAR024,SET100,1,1
CON975,PES835,EMP732,DAT031,CAR214,SET008,1,1
CON976,PES836,EMP714,DAT031,CAR215,SET002,1,1
CON977,PES837,EMP733,DAT031,CAR216,SET031,1,1
CON978,PES837,EMP734,DAT031,CAR217,SET031,1,1
CON979,PES838,EMP733,DAT031,CAR218,SET008,1,1
CON980,PES838,EMP735,DAT031,CAR219,SET008,1,1
CON981,PES839,EMP736,DAT031,CAR220,SET094,1,1
CON982,PES839,EMP736,DAT031,CAR221,SET094,1,1
CON983,PES840,EMP737,DAT031,CAR222,SET008,1,1
CON984,PES841,EMP738,DAT031,CAR197,SET008,1,1
CON985,PES842,EMP739,DAT031,CAR024,SET002,1,1
CON986,PES843,EMP724,DAT031,CAR223,SET094,1,1
CON987,PES844,EMP740,DAT032,CAR224,SET101,0,1
CON988,PES845,EMP741,DAT032,CAR225,SET002,0,1
CON989,PES846,EMP742,DAT032,CAR226,SET002,1,1
CON990,PES846,EMP742,DAT032,CAR227,SET002,1,1
CON991,PES847,EMP743,DAT032,CAR003,SET010,1,1
CON992,PES848,EMP744,DAT032,CAR228,SET002,0,1
CON993,PES849,EMP744,DAT032,CAR228,SET002,0,1
CON994,PES850,EMP745,DAT032,CAR229,SET002,0,1
CON995,PES850,EMP745,DAT032,CAR230,SET002,0,1
CON996,PES851,EMP172,DAT032,CAR231,SET002,1,1
CON997,PES852,EMP746,DAT032,CAR232,SET010,0,1
CON998,PES853,EMP747,DAT032,CAR233,SET002,0,1
CON999,PES854,EMP748,DAT032,CAR196,SET010,0,1
CON1000,PES855,EMP749,DAT032,CAR234,SET009,0,1
CON1001,PES856,EMP750,DAT032,CAR235,SET002,1,1
CON1002,PES857,EMP751,DAT032,CAR236,SET002,1,1
CON1003,PES858,EMP752,DAT032,CAR237,SET002,0,1
CON1004,PES859,EMP753,DAT032,CAR238,SET002,1,1
CON1005,PES860,EMP754,DAT032,CAR239,SET002,0,1
CON1006,PES861,EMP755,DAT032,CAR240,SET010,0,1
CON1007,PES862,EMP749,DAT032,CAR241,SET002,0,1
CON1008,PES863,EMP756,DAT032,CAR024,SET102,0,1
CON1009,PES864,EMP757,DAT032,CAR197,SET010,0,1
CON1010,PES865,EMP758,DAT032,CAR197,SET003,0,1
CON1011,PES866,EMP759,DAT032,CAR242,SET010,0,1
CON1012,PES867,EMP760,DAT032,CAR243,SET013,0,1
CON1013,PES868,EMP761,DAT032,CAR244,SET002,0,1
CON1014,PES869,EMP762,DAT032,CAR245,SET002,0,1
CON1015,PES869,EMP762,DAT032,CAR008,SET002,0,1
CON1016,PES870,EMP763,DAT032,CAR246,SET002,0,1
CON1017,PES871,EMP764,DAT032,CAR024,SET009,0,1
CON1018,PES872,EMP765,DAT032,CAR024,SET003,0,1
CON1019,PES873,EMP766,DAT032,CAR247,SET016,0,1
CON1020,PES874,EMP767,DAT032,CAR248,SET010,1,1
CON1021,PES875,EMP767,DAT032,CAR248,SET010,1,1
CON1022,PES876,EMP768,DAT032,CAR249,SET094,0,1
CON1023,PES877,EMP769,DAT032,CAR240,SET003,1,1
CON1024,PES878,EMP770,DAT032,CAR250,SET002,0,1
CON1025,PES879,EMP771,DAT032,CAR251,SET002,1,1
CON1026,PES880,EMP772,DAT032,CAR252,SET068,1,1
CON1027,PES881,EMP773,DAT032,CAR253,SET002,1,1
